build	Build app (unsigned)	﻿2026-09-15T06:01:19.0090340Z ##[group]Run set -o pipefail
build	Build app (unsigned)	2026-09-15T06:01:19.0090740Z ^[[36;1mset -o pipefail^[[0m
build	Build app (unsigned)	2026-09-15T06:01:19.0090990Z ^[[36;1mxcodebuild \^[[0m
build	Build app (unsigned)	2026-09-15T06:01:19.0091240Z ^[[36;1m  -project ClassTeacherApp.xcodeproj \^[[0m
build	Build app (unsigned)	2026-09-15T06:01:19.0091670Z ^[[36;1m  -scheme ClassTeacherApp \^[[0m
build	Build app (unsigned)	2026-09-15T06:01:19.0092070Z ^[[36;1m  -configuration Release \^[[0m
build	Build app (unsigned)	2026-09-15T06:01:19.0092370Z ^[[36;1m  -destination 'generic/platform=iOS' \^[[0m
build	Build app (unsigned)	2026-09-15T06:01:19.0092710Z ^[[36;1m  -derivedDataPath build \^[[0m
build	Build app (unsigned)	2026-09-15T06:01:19.0092970Z ^[[36;1m  CODE_SIGNING_ALLOWED=NO \^[[0m
build	Build app (unsigned)	2026-09-15T06:01:19.0093240Z ^[[36;1m  CODE_SIGNING_REQUIRED=NO \^[[0m
build	Build app (unsigned)	2026-09-15T06:01:19.0093480Z ^[[36;1m  CODE_SIGN_IDENTITY="" \^[[0m
build	Build app (unsigned)	2026-09-15T06:01:19.0093800Z ^[[36;1m  DEVELOPMENT_TEAM="" \^[[0m
build	Build app (unsigned)	2026-09-15T06:01:19.0094110Z ^[[36;1m  PROVISIONING_PROFILE_SPECIFIER="" \^[[0m
build	Build app (unsigned)	2026-09-15T06:01:19.0094410Z ^[[36;1m  build 2>&1 | tee build.log^[[0m
build	Build app (unsigned)	2026-09-15T06:01:19.0130020Z shell: /bin/bash -e {0}
build	Build app (unsigned)	2026-09-15T06:01:19.0130350Z ##[endgroup]
build	Build app (unsigned)	2026-09-15T06:01:20.8154970Z Command line invocation:
build	Build app (unsigned)	2026-09-15T06:01:20.8198990Z     /Applications/Xcode_26.6.app/Contents/Developer/usr/bin/xcodebuild -project ClassTeacherApp.xcodeproj -scheme ClassTeacherApp -configuration Release -destination generic/platform=iOS -derivedDataPath build CODE_SIGNING_ALLOWED=NO CODE_SIGNING_REQUIRED=NO CODE_SIGN_IDENTITY= DEVELOPMENT_TEAM= PROVISIONING_PROFILE_SPECIFIER= build
build	Build app (unsigned)	2026-09-15T06:01:20.8201820Z 
build	Build app (unsigned)	2026-09-15T06:01:20.8202850Z Build settings from command line:
build	Build app (unsigned)	2026-09-15T06:01:20.8203370Z     CODE_SIGN_IDENTITY = 
build	Build app (unsigned)	2026-09-15T06:01:20.8203860Z     CODE_SIGNING_ALLOWED = NO
build	Build app (unsigned)	2026-09-15T06:01:20.8205870Z     CODE_SIGNING_REQUIRED = NO
build	Build app (unsigned)	2026-09-15T06:01:20.8206320Z     DEVELOPMENT_TEAM = 
build	Build app (unsigned)	2026-09-15T06:01:20.8206790Z     PROVISIONING_PROFILE_SPECIFIER = 
build	Build app (unsigned)	2026-09-15T06:01:20.8207210Z 
build	Build app (unsigned)	2026-09-15T06:01:26.6655520Z note: Using codesigning identity override: 
build	Build app (unsigned)	2026-09-15T06:01:27.3494220Z ComputePackagePrebuildTargetDependencyGraph
build	Build app (unsigned)	2026-09-15T06:01:27.4104000Z 
build	Build app (unsigned)	2026-09-15T06:01:27.4205430Z Prepare packages
build	Build app (unsigned)	2026-09-15T06:01:27.4305570Z 
build	Build app (unsigned)	2026-09-15T06:01:27.4407270Z CreateBuildRequest
build	Build app (unsigned)	2026-09-15T06:01:27.4507900Z 
build	Build app (unsigned)	2026-09-15T06:01:27.4609110Z SendProjectDescription
build	Build app (unsigned)	2026-09-15T06:01:27.4708780Z 
build	Build app (unsigned)	2026-09-15T06:01:27.4810050Z CreateBuildOperation
build	Build app (unsigned)	2026-09-15T06:01:27.4910930Z 
build	Build app (unsigned)	2026-09-15T06:01:27.5012230Z ComputeTargetDependencyGraph
build	Build app (unsigned)	2026-09-15T06:01:27.5112420Z note: Building targets in dependency order
build	Build app (unsigned)	2026-09-15T06:01:27.5213770Z note: Target dependency graph (1 target)
build	Build app (unsigned)	2026-09-15T06:01:27.5314600Z     Target 'ClassTeacherApp' in project 'ClassTeacherApp' (no dependencies)
build	Build app (unsigned)	2026-09-15T06:01:27.5414260Z 
build	Build app (unsigned)	2026-09-15T06:01:27.5516640Z GatherProvisioningInputs
build	Build app (unsigned)	2026-09-15T06:01:27.5618440Z 
build	Build app (unsigned)	2026-09-15T06:01:27.5820430Z CreateBuildDescription
build	Build app (unsigned)	2026-09-15T06:01:27.6095610Z 
build	Build app (unsigned)	2026-09-15T06:01:27.6197930Z ExecuteExternalTool /Applications/Xcode_26.6.app/Contents/Developer/usr/bin/actool --print-asset-tag-combinations --output-format xml1 /Users/runner/work/Jin/Jin/Assets.xcassets
build	Build app (unsigned)	2026-09-15T06:01:30.7450040Z 
build	Build app (unsigned)	2026-09-15T06:01:30.7554980Z ExecuteExternalTool /Applications/Xcode_26.6.app/Contents/Developer/Toolchains/XcodeDefault.xctoolchain/usr/bin/clang -v -E -dM -isysroot /Applications/Xcode_26.6.app/Contents/Developer/Platforms/iPhoneOS.platform/Developer/SDKs/iPhoneOS26.5.sdk -x c -c /dev/null
build	Build app (unsigned)	2026-09-15T06:01:30.7665220Z 
build	Build app (unsigned)	2026-09-15T06:01:30.7767260Z ExecuteExternalTool /Applications/Xcode_26.6.app/Contents/Developer/usr/bin/actool --version --output-format xml1
build	Build app (unsigned)	2026-09-15T06:01:30.7866440Z 
build	Build app (unsigned)	2026-09-15T06:01:30.7968700Z ExecuteExternalTool /Applications/Xcode_26.6.app/Contents/Developer/Toolchains/XcodeDefault.xctoolchain/usr/bin/swiftc --version
build	Build app (unsigned)	2026-09-15T06:01:31.7867400Z 
build	Build app (unsigned)	2026-09-15T06:01:31.8021300Z ExecuteExternalTool /Applications/Xcode_26.6.app/Contents/Developer/Toolchains/XcodeDefault.xctoolchain/usr/bin/ld -version_details
build	Build app (unsigned)	2026-09-15T06:01:32.0066800Z 
build	Build app (unsigned)	2026-09-15T06:01:32.0272010Z Build description signature: 1d0cedf0731272c53829922360a455e2
build	Build app (unsigned)	2026-09-15T06:01:32.0284610Z Build description path: /Users/runner/work/Jin/Jin/build/Build/Intermediates.noindex/XCBuildData/1d0cedf0731272c53829922360a455e2.xcbuilddata
build	Build app (unsigned)	2026-09-15T06:01:32.0649830Z CreateBuildDirectory /Users/runner/work/Jin/Jin/build/Build/Products
build	Build app (unsigned)	2026-09-15T06:01:32.0754900Z     cd /Users/runner/work/Jin/Jin/ClassTeacherApp.xcodeproj
build	Build app (unsigned)	2026-09-15T06:01:32.0873070Z     builtin-create-build-directory /Users/runner/work/Jin/Jin/build/Build/Products
build	Build app (unsigned)	2026-09-15T06:01:32.0976200Z 
build	Build app (unsigned)	2026-09-15T06:01:32.1029970Z CreateBuildDirectory /Users/runner/work/Jin/Jin/build/Build/Intermediates.noindex
build	Build app (unsigned)	2026-09-15T06:01:32.1049710Z     cd /Users/runner/work/Jin/Jin/ClassTeacherApp.xcodeproj
build	Build app (unsigned)	2026-09-15T06:01:32.1051470Z     builtin-create-build-directory /Users/runner/work/Jin/Jin/build/Build/Intermediates.noindex
build	Build app (unsigned)	2026-09-15T06:01:32.1058130Z 
build	Build app (unsigned)	2026-09-15T06:01:32.1059840Z ClangStatCache /Applications/Xcode_26.6.app/Contents/Developer/Toolchains/XcodeDefault.xctoolchain/usr/bin/clang-stat-cache /Applications/Xcode_26.6.app/Contents/Developer/Platforms/iPhoneOS.platform/Developer/SDKs/iPhoneOS26.5.sdk /Users/runner/work/Jin/Jin/build/SDKStatCaches.noindex/iphoneos26.5-23F81a-688ef53f1462e2c8f657fdc38a81448fee66e23052a0157c865c76b268046726.sdkstatcache
build	Build app (unsigned)	2026-09-15T06:01:32.1062100Z     cd /Users/runner/work/Jin/Jin/ClassTeacherApp.xcodeproj
build	Build app (unsigned)	2026-09-15T06:01:32.1063530Z     /Applications/Xcode_26.6.app/Contents/Developer/Toolchains/XcodeDefault.xctoolchain/usr/bin/clang-stat-cache /Applications/Xcode_26.6.app/Contents/Developer/Platforms/iPhoneOS.platform/Developer/SDKs/iPhoneOS26.5.sdk -o /Users/runner/work/Jin/Jin/build/SDKStatCaches.noindex/iphoneos26.5-23F81a-688ef53f1462e2c8f657fdc38a81448fee66e23052a0157c865c76b268046726.sdkstatcache
build	Build app (unsigned)	2026-09-15T06:01:33.9197500Z 
build	Build app (unsigned)	2026-09-15T06:01:33.9198660Z CreateBuildDirectory /Users/runner/work/Jin/Jin/build/Build/Products/Release-iphoneos
build	Build app (unsigned)	2026-09-15T06:01:33.9199710Z     cd /Users/runner/work/Jin/Jin/ClassTeacherApp.xcodeproj
build	Build app (unsigned)	2026-09-15T06:01:33.9202040Z     builtin-create-build-directory /Users/runner/work/Jin/Jin/build/Build/Products/Release-iphoneos
build	Build app (unsigned)	2026-09-15T06:01:33.9202900Z 
build	Build app (unsigned)	2026-09-15T06:01:33.9203640Z WriteAuxiliaryFile /Users/runner/work/Jin/Jin/build/Build/Intermediates.noindex/ClassTeacherApp.build/Release-iphoneos/ClassTeacherApp-4a3338b08c1af7d968408dfd79696b77-VFS-iphoneos/all-product-headers.yaml
build	Build app (unsigned)	2026-09-15T06:01:33.9205880Z     cd /Users/runner/work/Jin/Jin/ClassTeacherApp.xcodeproj
build	Build app (unsigned)	2026-09-15T06:01:33.9207070Z     write-file /Users/runner/work/Jin/Jin/build/Build/Intermediates.noindex/ClassTeacherApp.build/Release-iphoneos/ClassTeacherApp-4a3338b08c1af7d968408dfd79696b77-VFS-iphoneos/all-product-headers.yaml
build	Build app (unsigned)	2026-09-15T06:01:33.9210590Z 
build	Build app (unsigned)	2026-09-15T06:01:33.9211380Z CreateBuildDirectory /Users/runner/work/Jin/Jin/build/Build/Intermediates.noindex/SwiftExplicitPrecompiledModules
build	Build app (unsigned)	2026-09-15T06:01:33.9212690Z     cd /Users/runner/work/Jin/Jin/ClassTeacherApp.xcodeproj
build	Build app (unsigned)	2026-09-15T06:01:33.9213480Z     builtin-create-build-directory /Users/runner/work/Jin/Jin/build/Build/Intermediates.noindex/SwiftExplicitPrecompiledModules
build	Build app (unsigned)	2026-09-15T06:01:33.9214010Z 
build	Build app (unsigned)	2026-09-15T06:01:33.9214420Z CreateBuildDirectory /Users/runner/work/Jin/Jin/build/Build/Intermediates.noindex/ExplicitPrecompiledModules
build	Build app (unsigned)	2026-09-15T06:01:33.9216090Z     cd /Users/runner/work/Jin/Jin/ClassTeacherApp.xcodeproj
build	Build app (unsigned)	2026-09-15T06:01:33.9217100Z     builtin-create-build-directory /Users/runner/work/Jin/Jin/build/Build/Intermediates.noindex/ExplicitPrecompiledModules
build	Build app (unsigned)	2026-09-15T06:01:33.9217640Z 
build	Build app (unsigned)	2026-09-15T06:01:33.9218070Z CreateBuildDirectory /Users/runner/work/Jin/Jin/build/Build/Intermediates.noindex/EagerLinkingTBDs/Release-iphoneos
build	Build app (unsigned)	2026-09-15T06:01:33.9218750Z     cd /Users/runner/work/Jin/Jin/ClassTeacherApp.xcodeproj
build	Build app (unsigned)	2026-09-15T06:01:33.9219380Z     builtin-create-build-directory /Users/runner/work/Jin/Jin/build/Build/Intermediates.noindex/EagerLinkingTBDs/Release-iphoneos
build	Build app (unsigned)	2026-09-15T06:01:33.9219870Z 
build	Build app (unsigned)	2026-09-15T06:01:33.9220570Z WriteAuxiliaryFile /Users/runner/work/Jin/Jin/build/Build/Intermediates.noindex/ClassTeacherApp.build/Release-iphoneos/ClassTeacherApp.build/empty-ClassTeacherApp.plist (in target 'ClassTeacherApp' from project 'ClassTeacherApp')
build	Build app (unsigned)	2026-09-15T06:01:33.9221920Z     cd /Users/runner/work/Jin/Jin
build	Build app (unsigned)	2026-09-15T06:01:33.9222700Z     write-file /Users/runner/work/Jin/Jin/build/Build/Intermediates.noindex/ClassTeacherApp.build/Release-iphoneos/ClassTeacherApp.build/empty-ClassTeacherApp.plist
build	Build app (unsigned)	2026-09-15T06:01:33.9223300Z 
build	Build app (unsigned)	2026-09-15T06:01:33.9224110Z WriteAuxiliaryFile /Users/runner/work/Jin/Jin/build/Build/Intermediates.noindex/ClassTeacherApp.build/Release-iphoneos/ClassTeacherApp.build/Objects-normal/arm64/ClassTeacherApp_const_extract_protocols.json (in target 'ClassTeacherApp' from project 'ClassTeacherApp')
build	Build app (unsigned)	2026-09-15T06:01:33.9225090Z     cd /Users/runner/work/Jin/Jin
build	Build app (unsigned)	2026-09-15T06:01:33.9225940Z     write-file /Users/runner/work/Jin/Jin/build/Build/Intermediates.noindex/ClassTeacherApp.build/Release-iphoneos/ClassTeacherApp.build/Objects-normal/arm64/ClassTeacherApp_const_extract_protocols.json
build	Build app (unsigned)	2026-09-15T06:01:33.9226710Z 
build	Build app (unsigned)	2026-09-15T06:01:33.9227660Z WriteAuxiliaryFile /Users/runner/work/Jin/Jin/build/Build/Intermediates.noindex/ClassTeacherApp.build/Release-iphoneos/ClassTeacherApp.build/Objects-normal/arm64/ClassTeacherApp.SwiftFileList (in target 'ClassTeacherApp' from project 'ClassTeacherApp')
build	Build app (unsigned)	2026-09-15T06:01:33.9228600Z     cd /Users/runner/work/Jin/Jin
build	Build app (unsigned)	2026-09-15T06:01:33.9229410Z     write-file /Users/runner/work/Jin/Jin/build/Build/Intermediates.noindex/ClassTeacherApp.build/Release-iphoneos/ClassTeacherApp.build/Objects-normal/arm64/ClassTeacherApp.SwiftFileList
build	Build app (unsigned)	2026-09-15T06:01:33.9230100Z 
build	Build app (unsigned)	2026-09-15T06:01:33.9231050Z WriteAuxiliaryFile /Users/runner/work/Jin/Jin/build/Build/Intermediates.noindex/ClassTeacherApp.build/Release-iphoneos/ClassTeacherApp.build/Objects-normal/arm64/ClassTeacherApp.SwiftConstValuesFileList (in target 'ClassTeacherApp' from project 'ClassTeacherApp')
build	Build app (unsigned)	2026-09-15T06:01:33.9232180Z     cd /Users/runner/work/Jin/Jin
build	Build app (unsigned)	2026-09-15T06:01:33.9232980Z     write-file /Users/runner/work/Jin/Jin/build/Build/Intermediates.noindex/ClassTeacherApp.build/Release-iphoneos/ClassTeacherApp.build/Objects-normal/arm64/ClassTeacherApp.SwiftConstValuesFileList
build	Build app (unsigned)	2026-09-15T06:01:33.9233680Z 
build	Build app (unsigned)	2026-09-15T06:01:33.9234370Z WriteAuxiliaryFile /Users/runner/work/Jin/Jin/build/Build/Intermediates.noindex/ClassTeacherApp.build/Release-iphoneos/ClassTeacherApp.build/Objects-normal/arm64/ClassTeacherApp.LinkFileList (in target 'ClassTeacherApp' from project 'ClassTeacherApp')
build	Build app (unsigned)	2026-09-15T06:01:33.9235810Z     cd /Users/runner/work/Jin/Jin
build	Build app (unsigned)	2026-09-15T06:01:33.9236620Z     write-file /Users/runner/work/Jin/Jin/build/Build/Intermediates.noindex/ClassTeacherApp.build/Release-iphoneos/ClassTeacherApp.build/Objects-normal/arm64/ClassTeacherApp.LinkFileList
build	Build app (unsigned)	2026-09-15T06:01:33.9237200Z 
build	Build app (unsigned)	2026-09-15T06:01:33.9238130Z WriteAuxiliaryFile /Users/runner/work/Jin/Jin/build/Build/Intermediates.noindex/ClassTeacherApp.build/Release-iphoneos/ClassTeacherApp.build/Objects-normal/arm64/ClassTeacherApp-OutputFileMap.json (in target 'ClassTeacherApp' from project 'ClassTeacherApp')
build	Build app (unsigned)	2026-09-15T06:01:33.9239220Z     cd /Users/runner/work/Jin/Jin
build	Build app (unsigned)	2026-09-15T06:01:33.9239980Z     write-file /Users/runner/work/Jin/Jin/build/Build/Intermediates.noindex/ClassTeacherApp.build/Release-iphoneos/ClassTeacherApp.build/Objects-normal/arm64/ClassTeacherApp-OutputFileMap.json
build	Build app (unsigned)	2026-09-15T06:01:33.9241090Z 
build	Build app (unsigned)	2026-09-15T06:01:33.9241850Z WriteAuxiliaryFile /Users/runner/work/Jin/Jin/build/Build/Intermediates.noindex/ClassTeacherApp.build/Release-iphoneos/ClassTeacherApp.build/ClassTeacherApp.hmap (in target 'ClassTeacherApp' from project 'ClassTeacherApp')
build	Build app (unsigned)	2026-09-15T06:01:33.9242850Z     cd /Users/runner/work/Jin/Jin
build	Build app (unsigned)	2026-09-15T06:01:33.9243510Z     write-file /Users/runner/work/Jin/Jin/build/Build/Intermediates.noindex/ClassTeacherApp.build/Release-iphoneos/ClassTeacherApp.build/ClassTeacherApp.hmap
build	Build app (unsigned)	2026-09-15T06:01:33.9244350Z 
build	Build app (unsigned)	2026-09-15T06:01:33.9245130Z WriteAuxiliaryFile /Users/runner/work/Jin/Jin/build/Build/Intermediates.noindex/ClassTeacherApp.build/Release-iphoneos/ClassTeacherApp.build/ClassTeacherApp.DependencyStaticMetadataFileList (in target 'ClassTeacherApp' from project 'ClassTeacherApp')
build	Build app (unsigned)	2026-09-15T06:01:33.9247200Z     cd /Users/runner/work/Jin/Jin
build	Build app (unsigned)	2026-09-15T06:01:33.9248150Z     write-file /Users/runner/work/Jin/Jin/build/Build/Intermediates.noindex/ClassTeacherApp.build/Release-iphoneos/ClassTeacherApp.build/ClassTeacherApp.DependencyStaticMetadataFileList
build	Build app (unsigned)	2026-09-15T06:01:33.9252670Z 
build	Build app (unsigned)	2026-09-15T06:01:33.9253480Z WriteAuxiliaryFile /Users/runner/work/Jin/Jin/build/Build/Intermediates.noindex/ClassTeacherApp.build/Release-iphoneos/ClassTeacherApp.build/ClassTeacherApp.DependencyMetadataFileList (in target 'ClassTeacherApp' from project 'ClassTeacherApp')
build	Build app (unsigned)	2026-09-15T06:01:33.9254500Z     cd /Users/runner/work/Jin/Jin
build	Build app (unsigned)	2026-09-15T06:01:33.9255270Z     write-file /Users/runner/work/Jin/Jin/build/Build/Intermediates.noindex/ClassTeacherApp.build/Release-iphoneos/ClassTeacherApp.build/ClassTeacherApp.DependencyMetadataFileList
build	Build app (unsigned)	2026-09-15T06:01:33.9255850Z 
build	Build app (unsigned)	2026-09-15T06:01:33.9256530Z WriteAuxiliaryFile /Users/runner/work/Jin/Jin/build/Build/Intermediates.noindex/ClassTeacherApp.build/Release-iphoneos/ClassTeacherApp.build/ClassTeacherApp-project-headers.hmap (in target 'ClassTeacherApp' from project 'ClassTeacherApp')
build	Build app (unsigned)	2026-09-15T06:01:33.9257460Z     cd /Users/runner/work/Jin/Jin
build	Build app (unsigned)	2026-09-15T06:01:33.9258220Z     write-file /Users/runner/work/Jin/Jin/build/Build/Intermediates.noindex/ClassTeacherApp.build/Release-iphoneos/ClassTeacherApp.build/ClassTeacherApp-project-headers.hmap
build	Build app (unsigned)	2026-09-15T06:01:33.9258780Z 
build	Build app (unsigned)	2026-09-15T06:01:33.9259450Z WriteAuxiliaryFile /Users/runner/work/Jin/Jin/build/Build/Intermediates.noindex/ClassTeacherApp.build/Release-iphoneos/ClassTeacherApp.build/ClassTeacherApp-own-target-headers.hmap (in target 'ClassTeacherApp' from project 'ClassTeacherApp')
build	Build app (unsigned)	2026-09-15T06:01:33.9260270Z     cd /Users/runner/work/Jin/Jin
build	Build app (unsigned)	2026-09-15T06:01:33.9260880Z     write-file /Users/runner/work/Jin/Jin/build/Build/Intermediates.noindex/ClassTeacherApp.build/Release-iphoneos/ClassTeacherApp.build/ClassTeacherApp-own-target-headers.hmap
build	Build app (unsigned)	2026-09-15T06:01:33.9261510Z 
build	Build app (unsigned)	2026-09-15T06:01:33.9262270Z WriteAuxiliaryFile /Users/runner/work/Jin/Jin/build/Build/Intermediates.noindex/ClassTeacherApp.build/Release-iphoneos/ClassTeacherApp.build/ClassTeacherApp-generated-files.hmap (in target 'ClassTeacherApp' from project 'ClassTeacherApp')
build	Build app (unsigned)	2026-09-15T06:01:33.9263120Z     cd /Users/runner/work/Jin/Jin
build	Build app (unsigned)	2026-09-15T06:01:33.9263710Z     write-file /Users/runner/work/Jin/Jin/build/Build/Intermediates.noindex/ClassTeacherApp.build/Release-iphoneos/ClassTeacherApp.build/ClassTeacherApp-generated-files.hmap
build	Build app (unsigned)	2026-09-15T06:01:33.9264310Z 
build	Build app (unsigned)	2026-09-15T06:01:33.9264990Z WriteAuxiliaryFile /Users/runner/work/Jin/Jin/build/Build/Intermediates.noindex/ClassTeacherApp.build/Release-iphoneos/ClassTeacherApp.build/ClassTeacherApp-all-target-headers.hmap (in target 'ClassTeacherApp' from project 'ClassTeacherApp')
build	Build app (unsigned)	2026-09-15T06:01:33.9265800Z     cd /Users/runner/work/Jin/Jin
build	Build app (unsigned)	2026-09-15T06:01:33.9266420Z     write-file /Users/runner/work/Jin/Jin/build/Build/Intermediates.noindex/ClassTeacherApp.build/Release-iphoneos/ClassTeacherApp.build/ClassTeacherApp-all-target-headers.hmap
build	Build app (unsigned)	2026-09-15T06:01:33.9266970Z 
build	Build app (unsigned)	2026-09-15T06:01:33.9268080Z WriteAuxiliaryFile /Users/runner/work/Jin/Jin/build/Build/Intermediates.noindex/ClassTeacherApp.build/Release-iphoneos/ClassTeacherApp.build/ClassTeacherApp-all-non-framework-target-headers.hmap (in target 'ClassTeacherApp' from project 'ClassTeacherApp')
build	Build app (unsigned)	2026-09-15T06:01:33.9298520Z     cd /Users/runner/work/Jin/Jin
build	Build app (unsigned)	2026-09-15T06:01:33.9299870Z     write-file /Users/runner/work/Jin/Jin/build/Build/Intermediates.noindex/ClassTeacherApp.build/Release-iphoneos/ClassTeacherApp.build/ClassTeacherApp-all-non-framework-target-headers.hmap
build	Build app (unsigned)	2026-09-15T06:01:33.9300650Z 
build	Build app (unsigned)	2026-09-15T06:01:33.9301100Z MkDir /Users/runner/work/Jin/Jin/build/Build/Products/Release-iphoneos/ClassTeacherApp.app (in target 'ClassTeacherApp' from project 'ClassTeacherApp')
build	Build app (unsigned)	2026-09-15T06:01:33.9301840Z     cd /Users/runner/work/Jin/Jin
build	Build app (unsigned)	2026-09-15T06:01:33.9302820Z     /bin/mkdir -p /Users/runner/work/Jin/Jin/build/Build/Products/Release-iphoneos/ClassTeacherApp.app
build	Build app (unsigned)	2026-09-15T06:01:33.9303230Z 
build	Build app (unsigned)	2026-09-15T06:01:33.9303910Z MkDir /Users/runner/work/Jin/Jin/build/Build/Intermediates.noindex/ClassTeacherApp.build/Release-iphoneos/ClassTeacherApp.build/assetcatalog_output/thinned (in target 'ClassTeacherApp' from project 'ClassTeacherApp')
build	Build app (unsigned)	2026-09-15T06:01:33.9304790Z     cd /Users/runner/work/Jin/Jin
build	Build app (unsigned)	2026-09-15T06:01:33.9305400Z     /bin/mkdir -p /Users/runner/work/Jin/Jin/build/Build/Intermediates.noindex/ClassTeacherApp.build/Release-iphoneos/ClassTeacherApp.build/assetcatalog_output/thinned
build	Build app (unsigned)	2026-09-15T06:01:33.9305930Z 
build	Build app (unsigned)	2026-09-15T06:01:33.9306620Z MkDir /Users/runner/work/Jin/Jin/build/Build/Intermediates.noindex/ClassTeacherApp.build/Release-iphoneos/ClassTeacherApp.build/assetcatalog_output/unthinned (in target 'ClassTeacherApp' from project 'ClassTeacherApp')
build	Build app (unsigned)	2026-09-15T06:01:33.9307510Z     cd /Users/runner/work/Jin/Jin
build	Build app (unsigned)	2026-09-15T06:01:33.9308430Z     /bin/mkdir -p /Users/runner/work/Jin/Jin/build/Build/Intermediates.noindex/ClassTeacherApp.build/Release-iphoneos/ClassTeacherApp.build/assetcatalog_output/unthinned
build	Build app (unsigned)	2026-09-15T06:01:33.9309080Z 
build	Build app (unsigned)	2026-09-15T06:01:33.9309400Z GenerateAssetSymbols /Users/runner/work/Jin/Jin/Assets.xcassets (in target 'ClassTeacherApp' from project 'ClassTeacherApp')
build	Build app (unsigned)	2026-09-15T06:01:33.9309870Z     cd /Users/runner/work/Jin/Jin
build	Build app (unsigned)	2026-09-15T06:01:33.9315010Z     /Applications/Xcode_26.6.app/Contents/Developer/usr/bin/actool /Users/runner/work/Jin/Jin/Assets.xcassets --compile /Users/runner/work/Jin/Jin/build/Build/Products/Release-iphoneos/ClassTeacherApp.app --output-format human-readable-text --notices --warnings --export-dependency-info /Users/runner/work/Jin/Jin/build/Build/Intermediates.noindex/ClassTeacherApp.build/Release-iphoneos/ClassTeacherApp.build/assetcatalog_dependencies --output-partial-info-plist /Users/runner/work/Jin/Jin/build/Build/Intermediates.noindex/ClassTeacherApp.build/Release-iphoneos/ClassTeacherApp.build/assetcatalog_generated_info.plist --compress-pngs --enable-on-demand-resources YES --development-region en --target-device iphone --minimum-deployment-target 16.0 --platform iphoneos --bundle-identifier com.dmjorb.ClassTeacherApp --generate-swift-asset-symbol-extensions NO --generate-swift-asset-symbols /Users/runner/work/Jin/Jin/build/Build/Intermediates.noindex/ClassTeacherApp.build/Release-iphoneos/ClassTeacherApp.build/DerivedSources/GeneratedAssetSymbols.swift --generate-objc-asset-symbols /Users/runner/work/Jin/Jin/build/Build/Intermediates.noindex/ClassTeacherApp.build/Release-iphoneos/ClassTeacherApp.build/DerivedSources/GeneratedAssetSymbols.h --generate-asset-symbol-index /Users/runner/work/Jin/Jin/build/Build/Intermediates.noindex/ClassTeacherApp.build/Release-iphoneos/ClassTeacherApp.build/DerivedSources/GeneratedAssetSymbols-Index.plist
build	Build app (unsigned)	2026-09-15T06:01:33.9320910Z /* com.apple.actool.compilation-results */
build	Build app (unsigned)	2026-09-15T06:01:33.9321600Z /Users/runner/work/Jin/Jin/build/Build/Intermediates.noindex/ClassTeacherApp.build/Release-iphoneos/ClassTeacherApp.build/DerivedSources/GeneratedAssetSymbols-Index.plist
build	Build app (unsigned)	2026-09-15T06:01:33.9322750Z /Users/runner/work/Jin/Jin/build/Build/Intermediates.noindex/ClassTeacherApp.build/Release-iphoneos/ClassTeacherApp.build/DerivedSources/GeneratedAssetSymbols.h
build	Build app (unsigned)	2026-09-15T06:01:33.9324450Z /Users/runner/work/Jin/Jin/build/Build/Intermediates.noindex/ClassTeacherApp.build/Release-iphoneos/ClassTeacherApp.build/DerivedSources/GeneratedAssetSymbols.swift
build	Build app (unsigned)	2026-09-15T06:01:33.9325680Z 
build	Build app (unsigned)	2026-09-15T06:01:33.9325690Z 
build	Build app (unsigned)	2026-09-15T06:01:33.9326360Z CompileAssetCatalogVariant thinned /Users/runner/work/Jin/Jin/build/Build/Products/Release-iphoneos/ClassTeacherApp.app /Users/runner/work/Jin/Jin/Assets.xcassets (in target 'ClassTeacherApp' from project 'ClassTeacherApp')
build	Build app (unsigned)	2026-09-15T06:01:33.9327120Z     cd /Users/runner/work/Jin/Jin
build	Build app (unsigned)	2026-09-15T06:01:33.9330170Z     /Applications/Xcode_26.6.app/Contents/Developer/usr/bin/actool /Users/runner/work/Jin/Jin/Assets.xcassets --compile /Users/runner/work/Jin/Jin/build/Build/Intermediates.noindex/ClassTeacherApp.build/Release-iphoneos/ClassTeacherApp.build/assetcatalog_output/thinned --output-format human-readable-text --notices --warnings --export-dependency-info /Users/runner/work/Jin/Jin/build/Build/Intermediates.noindex/ClassTeacherApp.build/Release-iphoneos/ClassTeacherApp.build/assetcatalog_dependencies_thinned --output-partial-info-plist /Users/runner/work/Jin/Jin/build/Build/Intermediates.noindex/ClassTeacherApp.build/Release-iphoneos/ClassTeacherApp.build/assetcatalog_generated_info.plist_thinned --compress-pngs --enable-on-demand-resources YES --development-region en --target-device iphone --minimum-deployment-target 16.0 --platform iphoneos
build	Build app (unsigned)	2026-09-15T06:01:33.9334010Z /* com.apple.actool.compilation-results */
build	Build app (unsigned)	2026-09-15T06:01:33.9334680Z /Users/runner/work/Jin/Jin/build/Build/Intermediates.noindex/ClassTeacherApp.build/Release-iphoneos/ClassTeacherApp.build/assetcatalog_generated_info.plist_thinned
build	Build app (unsigned)	2026-09-15T06:01:33.9335220Z 
build	Build app (unsigned)	2026-09-15T06:01:33.9335220Z 
build	Build app (unsigned)	2026-09-15T06:01:33.9335600Z LinkAssetCatalog /Users/runner/work/Jin/Jin/Assets.xcassets (in target 'ClassTeacherApp' from project 'ClassTeacherApp')
build	Build app (unsigned)	2026-09-15T06:01:33.9336460Z     cd /Users/runner/work/Jin/Jin
build	Build app (unsigned)	2026-09-15T06:01:33.9342110Z     builtin-linkAssetCatalog --thinned /Users/runner/work/Jin/Jin/build/Build/Intermediates.noindex/ClassTeacherApp.build/Release-iphoneos/ClassTeacherApp.build/assetcatalog_output/thinned --thinned-dependencies /Users/runner/work/Jin/Jin/build/Build/Intermediates.noindex/ClassTeacherApp.build/Release-iphoneos/ClassTeacherApp.build/assetcatalog_dependencies_thinned --thinned-info-plist-content /Users/runner/work/Jin/Jin/build/Build/Intermediates.noindex/ClassTeacherApp.build/Release-iphoneos/ClassTeacherApp.build/assetcatalog_generated_info.plist_thinned --unthinned /Users/runner/work/Jin/Jin/build/Build/Intermediates.noindex/ClassTeacherApp.build/Release-iphoneos/ClassTeacherApp.build/assetcatalog_output/unthinned --unthinned-dependencies /Users/runner/work/Jin/Jin/build/Build/Intermediates.noindex/ClassTeacherApp.build/Release-iphoneos/ClassTeacherApp.build/assetcatalog_dependencies_unthinned --unthinned-info-plist-content /Users/runner/work/Jin/Jin/build/Build/Intermediates.noindex/ClassTeacherApp.build/Release-iphoneos/ClassTeacherApp.build/assetcatalog_generated_info.plist_unthinned --output /Users/runner/work/Jin/Jin/build/Build/Products/Release-iphoneos/ClassTeacherApp.app --plist-output /Users/runner/work/Jin/Jin/build/Build/Intermediates.noindex/ClassTeacherApp.build/Release-iphoneos/ClassTeacherApp.build/assetcatalog_generated_info.plist
build	Build app (unsigned)	2026-09-15T06:01:33.9346690Z 
build	Build app (unsigned)	2026-09-15T06:01:33.9347610Z ProcessInfoPlistFile /Users/runner/work/Jin/Jin/build/Build/Products/Release-iphoneos/ClassTeacherApp.app/Info.plist /Users/runner/work/Jin/Jin/build/Build/Intermediates.noindex/ClassTeacherApp.build/Release-iphoneos/ClassTeacherApp.build/empty-ClassTeacherApp.plist (in target 'ClassTeacherApp' from project 'ClassTeacherApp')
build	Build app (unsigned)	2026-09-15T06:01:33.9348690Z     cd /Users/runner/work/Jin/Jin
build	Build app (unsigned)	2026-09-15T06:01:33.9351060Z     builtin-infoPlistUtility /Users/runner/work/Jin/Jin/build/Build/Intermediates.noindex/ClassTeacherApp.build/Release-iphoneos/ClassTeacherApp.build/empty-ClassTeacherApp.plist -producttype com.apple.product-type.application -genpkginfo /Users/runner/work/Jin/Jin/build/Build/Products/Release-iphoneos/ClassTeacherApp.app/PkgInfo -expandbuildsettings -format binary -platform iphoneos -additionalcontentfile /Users/runner/work/Jin/Jin/build/Build/Intermediates.noindex/ClassTeacherApp.build/Release-iphoneos/ClassTeacherApp.build/assetcatalog_generated_info.plist -requiredArchitecture arm64 -o /Users/runner/work/Jin/Jin/build/Build/Products/Release-iphoneos/ClassTeacherApp.app/Info.plist
build	Build app (unsigned)	2026-09-15T06:01:33.9353760Z 
build	Build app (unsigned)	2026-09-15T06:01:33.9354290Z SwiftDriver ClassTeacherApp normal arm64 com.apple.xcode.tools.swift.compiler (in target 'ClassTeacherApp' from project 'ClassTeacherApp')
build	Build app (unsigned)	2026-09-15T06:01:33.9355140Z     cd /Users/runner/work/Jin/Jin
build	Build app (unsigned)	2026-09-15T06:01:33.9368820Z     builtin-SwiftDriver -- /Applications/Xcode_26.6.app/Contents/Developer/Toolchains/XcodeDefault.xctoolchain/usr/bin/swiftc -module-name ClassTeacherApp -O -whole-module-optimization @/Users/runner/work/Jin/Jin/build/Build/Intermediates.noindex/ClassTeacherApp.build/Release-iphoneos/ClassTeacherApp.build/Objects-normal/arm64/ClassTeacherApp.SwiftFileList -enable-bare-slash-regex -enable-experimental-feature DebugDescriptionMacro -sdk /Applications/Xcode_26.6.app/Contents/Developer/Platforms/iPhoneOS.platform/Developer/SDKs/iPhoneOS26.5.sdk -target arm64-apple-ios16.0 -g -module-cache-path /Users/runner/work/Jin/Jin/build/ModuleCache.noindex -Xfrontend -serialize-debugging-options -swift-version 5 -I /Users/runner/work/Jin/Jin/build/Build/Products/Release-iphoneos -F /Users/runner/work/Jin/Jin/build/Build/Products/Release-iphoneos -emit-localized-strings -emit-localized-strings-path /Users/runner/work/Jin/Jin/build/Build/Intermediates.noindex/ClassTeacherApp.build/Release-iphoneos/ClassTeacherApp.build/Objects-normal/arm64 -c -num-threads 3 -Xcc -ivfsstatcache -Xcc /Users/runner/work/Jin/Jin/build/SDKStatCaches.noindex/iphoneos26.5-23F81a-688ef53f1462e2c8f657fdc38a81448fee66e23052a0157c865c76b268046726.sdkstatcache -output-file-map /Users/runner/work/Jin/Jin/build/Build/Intermediates.noindex/ClassTeacherApp.build/Release-iphoneos/ClassTeacherApp.build/Objects-normal/arm64/ClassTeacherApp-OutputFileMap.json -use-frontend-parseable-output -save-temps -no-color-diagnostics -explicit-module-build -module-cache-path /Users/runner/work/Jin/Jin/build/Build/Intermediates.noindex/SwiftExplicitPrecompiledModules -clang-scanner-module-cache-path /Users/runner/work/Jin/Jin/build/ModuleCache.noindex -sdk-module-cache-path /Users/runner/work/Jin/Jin/build/ModuleCache.noindex -serialize-diagnostics -emit-dependencies -emit-module -emit-module-path /Users/runner/work/Jin/Jin/build/Build/Intermediates.noindex/ClassTeacherApp.build/Release-iphoneos/ClassTeacherApp.build/Objects-normal/arm64/ClassTeacherApp.swiftmodule -validate-clang-modules-once -clang-build-session-file /Users/runner/work/Jin/Jin/build/ModuleCache.noindex/Session.modulevalidation -Xcc -I/Users/runner/work/Jin/Jin/build/Build/Intermediates.noindex/ClassTeacherApp.build/Release-iphoneos/ClassTeacherApp.build/swift-overrides.hmap -emit-const-values -Xfrontend -const-gather-protocols-file -Xfrontend /Users/runner/work/Jin/Jin/build/Build/Intermediates.noindex/ClassTeacherApp.build/Release-iphoneos/ClassTeacherApp.build/Objects-normal/arm64/ClassTeacherApp_const_extract_protocols.json -Xcc -iquote -Xcc /Users/runner/work/Jin/Jin/build/Build/Intermediates.noindex/ClassTeacherApp.build/Release-iphoneos/ClassTeacherApp.build/ClassTeacherApp-generated-files.hmap -Xcc -I/Users/runner/work/Jin/Jin/build/Build/Intermediates.noindex/ClassTeacherApp.build/Release-iphoneos/ClassTeacherApp.build/ClassTeacherApp-own-target-headers.hmap -Xcc -I/Users/runner/work/Jin/Jin/build/Build/Intermediates.noindex/ClassTeacherApp.build/Release-iphoneos/ClassTeacherApp.build/ClassTeacherApp-all-target-headers.hmap -Xcc -iquote -Xcc /Users/runner/work/Jin/Jin/build/Build/Intermediates.noindex/ClassTeacherApp.build/Release-iphoneos/ClassTeacherApp.build/ClassTeacherApp-project-headers.hmap -Xcc -I/Users/runner/work/Jin/Jin/build/Build/Products/Release-iphoneos/include -Xcc -I/Users/runner/work/Jin/Jin/build/Build/Intermediates.noindex/ClassTeacherApp.build/Release-iphoneos/ClassTeacherApp.build/DerivedSources-normal/arm64 -Xcc -I/Users/runner/work/Jin/Jin/build/Build/Intermediates.noindex/ClassTeacherApp.build/Release-iphoneos/ClassTeacherApp.build/DerivedSources/arm64 -Xcc -I/Users/runner/work/Jin/Jin/build/Build/Intermediates.noindex/ClassTeacherApp.build/Release-iphoneos/ClassTeacherApp.build/DerivedSources -emit-objc-header -emit-objc-header-path /Users/runner/work/Jin/Jin/build/Build/Intermediates.noindex/ClassTeacherApp.build/Release-iphoneos/ClassTeacherApp.build/Objects-normal/arm64/ClassTeacherApp-Swift.h -working-directory /Users/runner/work/Jin/Jin -no-emit-module-separately-wmo
build	Build app (unsigned)	2026-09-15T06:01:36.0939100Z 
build	Build app (unsigned)	2026-09-15T06:01:36.0974340Z SwiftDriver\ Compilation ClassTeacherApp normal arm64 com.apple.xcode.tools.swift.compiler (in target 'ClassTeacherApp' from project 'ClassTeacherApp')
build	Build app (unsigned)	2026-09-15T06:01:36.0975410Z     cd /Users/runner/work/Jin/Jin
build	Build app (unsigned)	2026-09-15T06:01:36.0988390Z     builtin-Swift-Compilation -- /Applications/Xcode_26.6.app/Contents/Developer/Toolchains/XcodeDefault.xctoolchain/usr/bin/swiftc -module-name ClassTeacherApp -O -whole-module-optimization @/Users/runner/work/Jin/Jin/build/Build/Intermediates.noindex/ClassTeacherApp.build/Release-iphoneos/ClassTeacherApp.build/Objects-normal/arm64/ClassTeacherApp.SwiftFileList -enable-bare-slash-regex -enable-experimental-feature DebugDescriptionMacro -sdk /Applications/Xcode_26.6.app/Contents/Developer/Platforms/iPhoneOS.platform/Developer/SDKs/iPhoneOS26.5.sdk -target arm64-apple-ios16.0 -g -module-cache-path /Users/runner/work/Jin/Jin/build/ModuleCache.noindex -Xfrontend -serialize-debugging-options -swift-version 5 -I /Users/runner/work/Jin/Jin/build/Build/Products/Release-iphoneos -F /Users/runner/work/Jin/Jin/build/Build/Products/Release-iphoneos -emit-localized-strings -emit-localized-strings-path /Users/runner/work/Jin/Jin/build/Build/Intermediates.noindex/ClassTeacherApp.build/Release-iphoneos/ClassTeacherApp.build/Objects-normal/arm64 -c -num-threads 3 -Xcc -ivfsstatcache -Xcc /Users/runner/work/Jin/Jin/build/SDKStatCaches.noindex/iphoneos26.5-23F81a-688ef53f1462e2c8f657fdc38a81448fee66e23052a0157c865c76b268046726.sdkstatcache -output-file-map /Users/runner/work/Jin/Jin/build/Build/Intermediates.noindex/ClassTeacherApp.build/Release-iphoneos/ClassTeacherApp.build/Objects-normal/arm64/ClassTeacherApp-OutputFileMap.json -use-frontend-parseable-output -save-temps -no-color-diagnostics -explicit-module-build -module-cache-path /Users/runner/work/Jin/Jin/build/Build/Intermediates.noindex/SwiftExplicitPrecompiledModules -clang-scanner-module-cache-path /Users/runner/work/Jin/Jin/build/ModuleCache.noindex -sdk-module-cache-path /Users/runner/work/Jin/Jin/build/ModuleCache.noindex -serialize-diagnostics -emit-dependencies -emit-module -emit-module-path /Users/runner/work/Jin/Jin/build/Build/Intermediates.noindex/ClassTeacherApp.build/Release-iphoneos/ClassTeacherApp.build/Objects-normal/arm64/ClassTeacherApp.swiftmodule -validate-clang-modules-once -clang-build-session-file /Users/runner/work/Jin/Jin/build/ModuleCache.noindex/Session.modulevalidation -Xcc -I/Users/runner/work/Jin/Jin/build/Build/Intermediates.noindex/ClassTeacherApp.build/Release-iphoneos/ClassTeacherApp.build/swift-overrides.hmap -emit-const-values -Xfrontend -const-gather-protocols-file -Xfrontend /Users/runner/work/Jin/Jin/build/Build/Intermediates.noindex/ClassTeacherApp.build/Release-iphoneos/ClassTeacherApp.build/Objects-normal/arm64/ClassTeacherApp_const_extract_protocols.json -Xcc -iquote -Xcc /Users/runner/work/Jin/Jin/build/Build/Intermediates.noindex/ClassTeacherApp.build/Release-iphoneos/ClassTeacherApp.build/ClassTeacherApp-generated-files.hmap -Xcc -I/Users/runner/work/Jin/Jin/build/Build/Intermediates.noindex/ClassTeacherApp.build/Release-iphoneos/ClassTeacherApp.build/ClassTeacherApp-own-target-headers.hmap -Xcc -I/Users/runner/work/Jin/Jin/build/Build/Intermediates.noindex/ClassTeacherApp.build/Release-iphoneos/ClassTeacherApp.build/ClassTeacherApp-all-target-headers.hmap -Xcc -iquote -Xcc /Users/runner/work/Jin/Jin/build/Build/Intermediates.noindex/ClassTeacherApp.build/Release-iphoneos/ClassTeacherApp.build/ClassTeacherApp-project-headers.hmap -Xcc -I/Users/runner/work/Jin/Jin/build/Build/Products/Release-iphoneos/include -Xcc -I/Users/runner/work/Jin/Jin/build/Build/Intermediates.noindex/ClassTeacherApp.build/Release-iphoneos/ClassTeacherApp.build/DerivedSources-normal/arm64 -Xcc -I/Users/runner/work/Jin/Jin/build/Build/Intermediates.noindex/ClassTeacherApp.build/Release-iphoneos/ClassTeacherApp.build/DerivedSources/arm64 -Xcc -I/Users/runner/work/Jin/Jin/build/Build/Intermediates.noindex/ClassTeacherApp.build/Release-iphoneos/ClassTeacherApp.build/DerivedSources -emit-objc-header -emit-objc-header-path /Users/runner/work/Jin/Jin/build/Build/Intermediates.noindex/ClassTeacherApp.build/Release-iphoneos/ClassTeacherApp.build/Objects-normal/arm64/ClassTeacherApp-Swift.h -working-directory /Users/runner/work/Jin/Jin -no-emit-module-separately-wmo
build	Build app (unsigned)	2026-09-15T06:01:36.1005070Z 
build	Build app (unsigned)	2026-09-15T06:01:36.1202250Z SwiftExplicitDependencyGeneratePcm arm64 /Users/runner/work/Jin/Jin/build/ModuleCache.noindex/_Builtin_float-792G1FX8RLHJ9C8MJYW3IY80R.pcm
build	Build app (unsigned)	2026-09-15T06:01:36.2574350Z 
build	Build app (unsigned)	2026-09-15T06:01:36.2708040Z SwiftExplicitDependencyGeneratePcm arm64 /Users/runner/work/Jin/Jin/build/ModuleCache.noindex/ptrcheck-C8NKAZC7AJ75ABTFID2D09E3V.pcm
build	Build app (unsigned)	2026-09-15T06:01:36.2773310Z 
build	Build app (unsigned)	2026-09-15T06:01:36.2904580Z SwiftExplicitDependencyGeneratePcm arm64 /Users/runner/work/Jin/Jin/build/ModuleCache.noindex/_Builtin_stddef-F4KV097214EH5REUWD9N0GPWP.pcm
build	Build app (unsigned)	2026-09-15T06:01:36.2957780Z 
build	Build app (unsigned)	2026-09-15T06:01:36.3065080Z SwiftExplicitDependencyGeneratePcm arm64 /Users/runner/work/Jin/Jin/build/ModuleCache.noindex/_Builtin_stdarg-EA5O8N7EG6Z327GVPTWOW7Q51.pcm
build	Build app (unsigned)	2026-09-15T06:01:36.3429180Z 
build	Build app (unsigned)	2026-09-15T06:01:36.3569880Z SwiftExplicitDependencyGeneratePcm arm64 /Users/runner/work/Jin/Jin/build/ModuleCache.noindex/DeveloperToolsSupport-2IYC2EB5OTC3MUY04B96D1D6C.pcm
build	Build app (unsigned)	2026-09-15T06:01:36.3624980Z 
build	Build app (unsigned)	2026-09-15T06:01:36.3658720Z SwiftExplicitDependencyGeneratePcm arm64 /Users/runner/work/Jin/Jin/build/ModuleCache.noindex/SwiftShims-CBZA90D55DAIU32YSE21K4OVE.pcm
build	Build app (unsigned)	2026-09-15T06:01:36.3887580Z 
build	Build app (unsigned)	2026-09-15T06:01:36.3989000Z SwiftExplicitDependencyGeneratePcm arm64 /Users/runner/work/Jin/Jin/build/ModuleCache.noindex/_Builtin_stdbool-CAPXII1EK9YMGG1XAOACB5ZE6.pcm
build	Build app (unsigned)	2026-09-15T06:01:36.4088640Z 
build	Build app (unsigned)	2026-09-15T06:01:36.4157370Z SwiftExplicitDependencyGeneratePcm arm64 /Users/runner/work/Jin/Jin/build/ModuleCache.noindex/_SwiftConcurrencyShims-DPPZF24N49L3ZYNGI9N9KYIOA.pcm
build	Build app (unsigned)	2026-09-15T06:01:36.4245760Z 
build	Build app (unsigned)	2026-09-15T06:01:36.4250670Z SwiftExplicitDependencyGeneratePcm arm64 /Users/runner/work/Jin/Jin/build/ModuleCache.noindex/ptrauth-2RPLTBZ9QZHZQ9477IWXQG2WR.pcm
build	Build app (unsigned)	2026-09-15T06:01:36.4295490Z 
build	Build app (unsigned)	2026-09-15T06:01:36.4335690Z SwiftExplicitDependencyGeneratePcm arm64 /Users/runner/work/Jin/Jin/build/ModuleCache.noindex/_AvailabilityInternal-B1ALSYFLH26688TJ5TT8N9RG5.pcm
build	Build app (unsigned)	2026-09-15T06:01:36.4425430Z 
build	Build app (unsigned)	2026-09-15T06:01:36.4435040Z SwiftExplicitDependencyGeneratePcm arm64 /Users/runner/work/Jin/Jin/build/ModuleCache.noindex/_DarwinFoundation1-A08BRMRI649AR49H1609896QL.pcm
build	Build app (unsigned)	2026-09-15T06:01:36.5143080Z 
build	Build app (unsigned)	2026-09-15T06:01:36.5154370Z SwiftExplicitDependencyGeneratePcm arm64 /Users/runner/work/Jin/Jin/build/ModuleCache.noindex/ExtensionFoundation-23ZJWQD6VC1HQOSFF8TPW4HCU.pcm
build	Build app (unsigned)	2026-09-15T06:01:36.5818240Z 
build	Build app (unsigned)	2026-09-15T06:01:36.5822740Z SwiftExplicitDependencyGeneratePcm arm64 /Users/runner/work/Jin/Jin/build/ModuleCache.noindex/_Builtin_limits-9XHLU9AKE93QM35T97YL0L61H.pcm
build	Build app (unsigned)	2026-09-15T06:01:36.5861100Z 
build	Build app (unsigned)	2026-09-15T06:01:36.5866300Z SwiftExplicitDependencyGeneratePcm arm64 /Users/runner/work/Jin/Jin/build/ModuleCache.noindex/_DarwinFoundation2-5WINF5PKOOMD9WWTYX74WJNRR.pcm
build	Build app (unsigned)	2026-09-15T06:01:36.6317540Z 
build	Build app (unsigned)	2026-09-15T06:01:36.6326200Z SwiftExplicitDependencyGeneratePcm arm64 /Users/runner/work/Jin/Jin/build/ModuleCache.noindex/_Builtin_tgmath-76IEEJ84H0H9MBQ7RU7SW53KS.pcm
build	Build app (unsigned)	2026-09-15T06:01:36.7007400Z 
build	Build app (unsigned)	2026-09-15T06:01:36.7012070Z SwiftExplicitDependencyGeneratePcm arm64 /Users/runner/work/Jin/Jin/build/ModuleCache.noindex/sys_types-AUZVZ8R6MQBZS9Q61Q4NUHKBM.pcm
build	Build app (unsigned)	2026-09-15T06:01:36.7044580Z 
build	Build app (unsigned)	2026-09-15T06:01:36.7049280Z SwiftExplicitDependencyGeneratePcm arm64 /Users/runner/work/Jin/Jin/build/ModuleCache.noindex/_Builtin_stdint-CWABS5YZXN9M2GUSR39HXWON1.pcm
build	Build app (unsigned)	2026-09-15T06:01:36.7117380Z 
build	Build app (unsigned)	2026-09-15T06:01:36.7123440Z SwiftExplicitDependencyGeneratePcm arm64 /Users/runner/work/Jin/Jin/build/ModuleCache.noindex/_Builtin_intrinsics-8XKO8TNCSPATDF60RVJDOTR1L.pcm
build	Build app (unsigned)	2026-09-15T06:01:36.9688950Z 
build	Build app (unsigned)	2026-09-15T06:01:36.9691720Z SwiftExplicitDependencyGeneratePcm arm64 /Users/runner/work/Jin/Jin/build/ModuleCache.noindex/_Builtin_stdatomic-6LHT1X6UTAH45EQ5QE0PPQKIY.pcm
build	Build app (unsigned)	2026-09-15T06:01:36.9721860Z 
build	Build app (unsigned)	2026-09-15T06:01:36.9726580Z SwiftExplicitDependencyGeneratePcm arm64 /Users/runner/work/Jin/Jin/build/ModuleCache.noindex/_DarwinFoundation3-6EEVGAQF83O865WFGAS9MBI43.pcm
build	Build app (unsigned)	2026-09-15T06:01:36.9757640Z 
build	Build app (unsigned)	2026-09-15T06:01:36.9762430Z SwiftExplicitDependencyGeneratePcm arm64 /Users/runner/work/Jin/Jin/build/ModuleCache.noindex/_Builtin_inttypes-4VNEFQBS9XQZGC3F2CIG6Z9SX.pcm
build	Build app (unsigned)	2026-09-15T06:01:36.9792480Z 
build	Build app (unsigned)	2026-09-15T06:01:36.9797180Z SwiftExplicitDependencyGeneratePcm arm64 /Users/runner/work/Jin/Jin/build/ModuleCache.noindex/Darwin-4R0EAZRJZ1D4Q116JO61EF0CB.pcm
build	Build app (unsigned)	2026-09-15T06:01:37.1595970Z 
build	Build app (unsigned)	2026-09-15T06:01:37.1602650Z SwiftExplicitDependencyGeneratePcm arm64 /Users/runner/work/Jin/Jin/build/ModuleCache.noindex/simd-90LDIP3OIEDKA59GP99Z8JWCO.pcm
build	Build app (unsigned)	2026-09-15T06:01:37.5278670Z 
build	Build app (unsigned)	2026-09-15T06:01:37.5421030Z SwiftExplicitDependencyGeneratePcm arm64 /Users/runner/work/Jin/Jin/build/ModuleCache.noindex/MachO-EAV1C27BAFW3BXURSIZQIJPIE.pcm
build	Build app (unsigned)	2026-09-15T06:01:37.5421690Z 
build	Build app (unsigned)	2026-09-15T06:01:37.5459920Z SwiftExplicitDependencyGeneratePcm arm64 /Users/runner/work/Jin/Jin/build/ModuleCache.noindex/ObjectiveC-A8TVKXDF14ZLIJBA5OFVITDW6.pcm
build	Build app (unsigned)	2026-09-15T06:01:37.5565140Z 
build	Build app (unsigned)	2026-09-15T06:01:37.5635820Z SwiftExplicitDependencyGeneratePcm arm64 /Users/runner/work/Jin/Jin/build/ModuleCache.noindex/os_object-31PIHBQB1Z53SPXX76YHJW5EA.pcm
build	Build app (unsigned)	2026-09-15T06:01:37.5641170Z 
build	Build app (unsigned)	2026-09-15T06:01:37.5673460Z SwiftExplicitDependencyGeneratePcm arm64 /Users/runner/work/Jin/Jin/build/ModuleCache.noindex/os_workgroup-8JIKP2Y2UNYQCWDMXSWAHNXUG.pcm
build	Build app (unsigned)	2026-09-15T06:01:37.5678230Z 
build	Build app (unsigned)	2026-09-15T06:01:37.5704440Z SwiftExplicitDependencyGeneratePcm arm64 /Users/runner/work/Jin/Jin/build/ModuleCache.noindex/Dispatch-385P2O0CFEVNDYBJJ2MXCMWGY.pcm
build	Build app (unsigned)	2026-09-15T06:01:37.5705270Z 
build	Build app (unsigned)	2026-09-15T06:01:37.5706190Z SwiftExplicitDependencyGeneratePcm arm64 /Users/runner/work/Jin/Jin/build/ModuleCache.noindex/dnssd-31DZQRRQHJ4UPP2KMG80QA822.pcm
build	Build app (unsigned)	2026-09-15T06:01:37.5706770Z 
build	Build app (unsigned)	2026-09-15T06:01:37.5707640Z SwiftExplicitDependencyGeneratePcm arm64 /Users/runner/work/Jin/Jin/build/ModuleCache.noindex/XPC-2KHG6QV6SH7XKR83F2GLSS102.pcm
build	Build app (unsigned)	2026-09-15T06:01:37.5708150Z 
build	Build app (unsigned)	2026-09-15T06:01:37.5708600Z SwiftExplicitDependencyGeneratePcm arm64 /Users/runner/work/Jin/Jin/build/ModuleCache.noindex/CoreFoundation-95047AFGULB94DMLCNQNEQ4QC.pcm
build	Build app (unsigned)	2026-09-15T06:01:37.6021360Z 
build	Build app (unsigned)	2026-09-15T06:01:37.6027670Z SwiftExplicitDependencyGeneratePcm arm64 /Users/runner/work/Jin/Jin/build/ModuleCache.noindex/os-3ZLD3OGKL8FII0IOT1LSUV3EM.pcm
build	Build app (unsigned)	2026-09-15T06:01:37.6037400Z 
build	Build app (unsigned)	2026-09-15T06:01:37.6150860Z SwiftExplicitDependencyGeneratePcm arm64 /Users/runner/work/Jin/Jin/build/ModuleCache.noindex/Spatial-A6P6V98EZFFXT28S52OLWTIQ4.pcm
build	Build app (unsigned)	2026-09-15T06:01:37.7638250Z 
build	Build app (unsigned)	2026-09-15T06:01:37.7705840Z SwiftExplicitDependencyGeneratePcm arm64 /Users/runner/work/Jin/Jin/build/ModuleCache.noindex/CoreGraphics-9K4GQQ7G2F3SUPUEEBMFSD2L0.pcm
build	Build app (unsigned)	2026-09-15T06:01:37.7810590Z 
build	Build app (unsigned)	2026-09-15T06:01:37.7900740Z SwiftExplicitDependencyGeneratePcm arm64 /Users/runner/work/Jin/Jin/build/ModuleCache.noindex/CoreAudioTypes-EJPRTQDBYHYGBIVGQNSG18870.pcm
build	Build app (unsigned)	2026-09-15T06:01:37.8005600Z 
build	Build app (unsigned)	2026-09-15T06:01:37.8120050Z SwiftExplicitDependencyGeneratePcm arm64 /Users/runner/work/Jin/Jin/build/ModuleCache.noindex/CFNetwork-4V5DGEOG2TF497LAIA4HAED0B.pcm
build	Build app (unsigned)	2026-09-15T06:01:37.8210390Z 
build	Build app (unsigned)	2026-09-15T06:01:37.8277800Z SwiftExplicitDependencyGeneratePcm arm64 /Users/runner/work/Jin/Jin/build/ModuleCache.noindex/Security-AA4SGDG10HHVKOLPTSTXT3EE3.pcm
build	Build app (unsigned)	2026-09-15T06:01:37.8404800Z 
build	Build app (unsigned)	2026-09-15T06:01:37.8516400Z SwiftExplicitDependencyGeneratePcm arm64 /Users/runner/work/Jin/Jin/build/ModuleCache.noindex/CoreAudio-8VBEBU71WBHOT41AQ54S68F80.pcm
build	Build app (unsigned)	2026-09-15T06:01:37.8601020Z 
build	Build app (unsigned)	2026-09-15T06:01:37.8606380Z SwiftExplicitDependencyGeneratePcm arm64 /Users/runner/work/Jin/Jin/build/ModuleCache.noindex/CoreText-D1S57GUT882T0I01YKIJXJHTB.pcm
build	Build app (unsigned)	2026-09-15T06:01:37.8642390Z 
build	Build app (unsigned)	2026-09-15T06:01:37.8647120Z SwiftExplicitDependencyGeneratePcm arm64 /Users/runner/work/Jin/Jin/build/ModuleCache.noindex/ImageIO-BTWD25B5T41LMGZ32Q7XBLTZO.pcm
build	Build app (unsigned)	2026-09-15T06:01:37.8692940Z 
build	Build app (unsigned)	2026-09-15T06:01:37.8695360Z SwiftExplicitDependencyGeneratePcm arm64 /Users/runner/work/Jin/Jin/build/ModuleCache.noindex/Foundation-CPP7KXWSRRQ1FSLYRVS5RIQB2.pcm
build	Build app (unsigned)	2026-09-15T06:01:38.1152550Z 
build	Build app (unsigned)	2026-09-15T06:01:38.1155290Z SwiftExplicitDependencyGeneratePcm arm64 /Users/runner/work/Jin/Jin/build/ModuleCache.noindex/UserNotifications-2HUIV4O4RM3HYFMYI4PCNYDLC.pcm
build	Build app (unsigned)	2026-09-15T06:01:38.1805830Z 
build	Build app (unsigned)	2026-09-15T06:01:38.1935860Z SwiftExplicitDependencyGeneratePcm arm64 /Users/runner/work/Jin/Jin/build/ModuleCache.noindex/CoreMIDI-8RXSNZ1WGVDX07UKL37SRYD21.pcm
build	Build app (unsigned)	2026-09-15T06:01:38.1980110Z 
build	Build app (unsigned)	2026-09-15T06:01:38.2108430Z SwiftExplicitDependencyGeneratePcm arm64 /Users/runner/work/Jin/Jin/build/ModuleCache.noindex/UIUtilities-9G3QSA2V4YY8IMW6N4WDVV6S9.pcm
build	Build app (unsigned)	2026-09-15T06:01:38.2208100Z 
build	Build app (unsigned)	2026-09-15T06:01:38.2257170Z SwiftExplicitDependencyGeneratePcm arm64 /Users/runner/work/Jin/Jin/build/ModuleCache.noindex/OSLog-CU6Z843V7EG9KNW88H62IPTSG.pcm
build	Build app (unsigned)	2026-09-15T06:01:38.2295920Z 
build	Build app (unsigned)	2026-09-15T06:01:38.2397290Z SwiftExplicitDependencyGeneratePcm arm64 /Users/runner/work/Jin/Jin/build/ModuleCache.noindex/CoreTransferable-BDK271EFATMC7X0Z7JJJRPHTG.pcm
build	Build app (unsigned)	2026-09-15T06:01:38.2501340Z 
build	Build app (unsigned)	2026-09-15T06:01:38.2507470Z SwiftExplicitDependencyGeneratePcm arm64 /Users/runner/work/Jin/Jin/build/ModuleCache.noindex/_LocationEssentials-3G1HWTXKD5WI860C82DMZ0CGN.pcm
build	Build app (unsigned)	2026-09-15T06:01:38.2610960Z 
build	Build app (unsigned)	2026-09-15T06:01:38.2638390Z SwiftExplicitDependencyGeneratePcm arm64 /Users/runner/work/Jin/Jin/build/ModuleCache.noindex/AudioToolbox-19TIYKNGCC4D3497GN5EA5P.pcm
build	Build app (unsigned)	2026-09-15T06:01:38.3417640Z 
build	Build app (unsigned)	2026-09-15T06:01:38.3555960Z SwiftExplicitDependencyGeneratePcm arm64 /Users/runner/work/Jin/Jin/build/ModuleCache.noindex/UniformTypeIdentifiers-5ZOD65B1OPW6C1XIZ4SZ197L4.pcm
build	Build app (unsigned)	2026-09-15T06:01:38.3575340Z 
build	Build app (unsigned)	2026-09-15T06:01:38.3700680Z SwiftExplicitDependencyGeneratePcm arm64 /Users/runner/work/Jin/Jin/build/ModuleCache.noindex/CoreData-6TY30J00EJS08VCTVRWI5W8LB.pcm
build	Build app (unsigned)	2026-09-15T06:01:38.3802430Z 
build	Build app (unsigned)	2026-09-15T06:01:38.3923740Z SwiftExplicitDependencyGeneratePcm arm64 /Users/runner/work/Jin/Jin/build/ModuleCache.noindex/CoreLocation-2UB3S4WY923YWX92UBP95AX21.pcm
build	Build app (unsigned)	2026-09-15T06:01:38.4014570Z 
build	Build app (unsigned)	2026-09-15T06:01:38.4105280Z SwiftExplicitDependencyGeneratePcm arm64 /Users/runner/work/Jin/Jin/build/ModuleCache.noindex/Accessibility-1DBU5TIRTW38XI03R463YJS9A.pcm
build	Build app (unsigned)	2026-09-15T06:01:38.4124740Z 
build	Build app (unsigned)	2026-09-15T06:01:38.4225790Z SwiftExplicitDependencyGeneratePcm arm64 /Users/runner/work/Jin/Jin/build/ModuleCache.noindex/FileProvider-3UMVYA7PSK06XHWEAS3PDO2CO.pcm
build	Build app (unsigned)	2026-09-15T06:01:38.4324410Z 
build	Build app (unsigned)	2026-09-15T06:01:38.4375820Z SwiftExplicitDependencyGeneratePcm arm64 /Users/runner/work/Jin/Jin/build/ModuleCache.noindex/DataDetection-9FHP0HPBASAUFJH9MXDQPKC.pcm
build	Build app (unsigned)	2026-09-15T06:01:38.4418380Z 
build	Build app (unsigned)	2026-09-15T06:01:38.4419940Z SwiftExplicitDependencyGeneratePcm arm64 /Users/runner/work/Jin/Jin/build/ModuleCache.noindex/Symbols-3N7F1ASBT6ZO1JFUOZ104JFZR.pcm
build	Build app (unsigned)	2026-09-15T06:01:38.4555630Z 
build	Build app (unsigned)	2026-09-15T06:01:38.4556380Z SwiftExplicitDependencyGeneratePcm arm64 /Users/runner/work/Jin/Jin/build/ModuleCache.noindex/IOSurface-4QMHE6LHP1SY6295IH8P7SAGK.pcm
build	Build app (unsigned)	2026-09-15T06:01:38.4700500Z 
build	Build app (unsigned)	2026-09-15T06:01:38.4702770Z SwiftExplicitDependencyGeneratePcm arm64 /Users/runner/work/Jin/Jin/build/ModuleCache.noindex/Network-3CSSD0R5RN3E2REL09G11HW5O.pcm
build	Build app (unsigned)	2026-09-15T06:01:38.4935840Z 
build	Build app (unsigned)	2026-09-15T06:01:38.4938120Z SwiftExplicitDependencyGeneratePcm arm64 /Users/runner/work/Jin/Jin/build/ModuleCache.noindex/OpenGLES-1DYYAGVTTGF9EZB6MYFQUN7G7.pcm
build	Build app (unsigned)	2026-09-15T06:01:38.5505500Z 
build	Build app (unsigned)	2026-09-15T06:01:38.5506420Z SwiftExplicitDependencyGeneratePcm arm64 /Users/runner/work/Jin/Jin/build/ModuleCache.noindex/Metal-6TOHYCSPPWVUCG0RMEGRQ2BH1.pcm
build	Build app (unsigned)	2026-09-15T06:01:38.6303140Z 
build	Build app (unsigned)	2026-09-15T06:01:38.6304030Z SwiftExplicitDependencyGeneratePcm arm64 /Users/runner/work/Jin/Jin/build/ModuleCache.noindex/AVRouting-CTHCAPWJO4D52DLGIFLSCXI2V.pcm
build	Build app (unsigned)	2026-09-15T06:01:38.6304790Z 
build	Build app (unsigned)	2026-09-15T06:01:38.6305570Z SwiftExplicitDependencyGeneratePcm arm64 /Users/runner/work/Jin/Jin/build/ModuleCache.noindex/CoreVideo-DX6GJ1THJ5G4BRRC4J1O2LS9U.pcm
build	Build app (unsigned)	2026-09-15T06:01:38.7031840Z 
build	Build app (unsigned)	2026-09-15T06:01:38.7033470Z SwiftExplicitDependencyGeneratePcm arm64 /Users/runner/work/Jin/Jin/build/ModuleCache.noindex/CoreImage-CZYEAX0OEBND3YFK3PU4HZ1Q1.pcm
build	Build app (unsigned)	2026-09-15T06:01:38.8093760Z 
build	Build app (unsigned)	2026-09-15T06:01:38.8098470Z SwiftExplicitDependencyGeneratePcm arm64 /Users/runner/work/Jin/Jin/build/ModuleCache.noindex/QuartzCore-CD9XH0QBRMGMKBK5E4G66C9QB.pcm
build	Build app (unsigned)	2026-09-15T06:01:38.8213440Z 
build	Build app (unsigned)	2026-09-15T06:01:38.8314530Z SwiftExplicitDependencyGeneratePcm arm64 /Users/runner/work/Jin/Jin/build/ModuleCache.noindex/CoreMedia-18HGH07KJAJ0BGHUG5M21X8BT.pcm
build	Build app (unsigned)	2026-09-15T06:01:38.8372450Z 
build	Build app (unsigned)	2026-09-15T06:01:38.8404640Z SwiftExplicitDependencyGeneratePcm arm64 /Users/runner/work/Jin/Jin/build/ModuleCache.noindex/SwiftUICore-EOLO8JM4US5GBV87PALMRSWKJ.pcm
build	Build app (unsigned)	2026-09-15T06:01:38.8443110Z 
build	Build app (unsigned)	2026-09-15T06:01:38.8550210Z SwiftExplicitDependencyGeneratePcm arm64 /Users/runner/work/Jin/Jin/build/ModuleCache.noindex/UIKit-45QAAHDCZS2ECE65KN99ENLTJ.pcm
build	Build app (unsigned)	2026-09-15T06:01:39.4099990Z 
build	Build app (unsigned)	2026-09-15T06:01:39.4225480Z SwiftExplicitDependencyGeneratePcm arm64 /Users/runner/work/Jin/Jin/build/ModuleCache.noindex/AVFAudio-5Y8M9LSQFX02GDP5NWBJV7ONN.pcm
build	Build app (unsigned)	2026-09-15T06:01:39.4333710Z 
build	Build app (unsigned)	2026-09-15T06:01:39.4439470Z SwiftExplicitDependencyGeneratePcm arm64 /Users/runner/work/Jin/Jin/build/ModuleCache.noindex/MediaToolbox-BXLRCGPCPLDUH4MISLT2EXCSB.pcm
build	Build app (unsigned)	2026-09-15T06:01:39.4541050Z 
build	Build app (unsigned)	2026-09-15T06:01:39.4642740Z SwiftExplicitDependencyGeneratePcm arm64 /Users/runner/work/Jin/Jin/build/ModuleCache.noindex/AVFoundation-AZQ5ZX0VSHLJWJOVE5U9OP1Z4.pcm
build	Build app (unsigned)	2026-09-15T06:01:39.4676780Z 
build	Build app (unsigned)	2026-09-15T06:01:39.4706200Z SwiftExplicitDependencyGeneratePcm arm64 /Users/runner/work/Jin/Jin/build/ModuleCache.noindex/Photos-2OCGC6PR0BMC6VR4AG4NPVFWT.pcm
build	Build app (unsigned)	2026-09-15T06:01:39.4740600Z 
build	Build app (unsigned)	2026-09-15T06:01:39.4828000Z SwiftExplicitDependencyGeneratePcm arm64 /Users/runner/work/Jin/Jin/build/ModuleCache.noindex/MapKit-2AEUUWMCC8APBEA5G0BY4D11.pcm
build	Build app (unsigned)	2026-09-15T06:01:39.5396790Z 
build	Build app (unsigned)	2026-09-15T06:01:39.5397690Z SwiftExplicitDependencyGeneratePcm arm64 /Users/runner/work/Jin/Jin/build/ModuleCache.noindex/SwiftUI-BQTZ0NC0UW416H6E45XVH50QY.pcm
build	Build app (unsigned)	2026-09-15T06:01:39.5398520Z 
build	Build app (unsigned)	2026-09-15T06:01:39.5399020Z SwiftExplicitDependencyGeneratePcm arm64 /Users/runner/work/Jin/Jin/build/ModuleCache.noindex/PhotosUI-E3N54T3S1B5X1EFY3MRHZCQOY.pcm
build	Build app (unsigned)	2026-09-15T06:01:39.5399740Z 
build	Build app (unsigned)	2026-09-15T06:01:39.5477280Z SwiftCompile normal arm64 Compiling\ TodoListView.swift,\ ClassTeacherApp.swift,\ Theme.swift,\ Student.swift,\ DataManager.swift,\ AppViewModel.swift,\ DutyView.swift,\ ExamListView.swift,\ HomeView.swift,\ RankingAndProfileView.swift,\ ScheduleView.swift,\ ScoreDetailView.swift,\ SeatView.swift,\ SettingsView.swift,\ StudentListView.swift,\ ExtraModels.swift,\ NotificationView.swift,\ AlbumView.swift,\ ClassMapView.swift,\ RankingListView.swift,\ PrintService.swift,\ HomeFeatureManagerView.swift,\ GeneratedAssetSymbols.swift /Users/runner/work/Jin/Jin/Views/TodoListView.swift /Users/runner/work/Jin/Jin/ClassTeacherApp.swift /Users/runner/work/Jin/Jin/Theme.swift /Users/runner/work/Jin/Jin/Models/Student.swift /Users/runner/work/Jin/Jin/Utils/DataManager.swift /Users/runner/work/Jin/Jin/ViewModels/AppViewModel.swift /Users/runner/work/Jin/Jin/Views/DutyView.swift /Users/runner/work/Jin/Jin/Views/ExamListView.swift /Users/runner/work/Jin/Jin/Views/HomeView.swift /Users/runner/work/Jin/Jin/Views/RankingAndProfileView.swift /Users/runner/work/Jin/Jin/Views/ScheduleView.swift /Users/runner/work/Jin/Jin/Views/ScoreDetailView.swift /Users/runner/work/Jin/Jin/Views/SeatView.swift /Users/runner/work/Jin/Jin/Views/SettingsView.swift /Users/runner/work/Jin/Jin/Views/StudentListView.swift /Users/runner/work/Jin/Jin/Models/ExtraModels.swift /Users/runner/work/Jin/Jin/Views/NotificationView.swift /Users/runner/work/Jin/Jin/Views/AlbumView.swift /Users/runner/work/Jin/Jin/Views/ClassMapView.swift /Users/runner/work/Jin/Jin/Views/RankingListView.swift /Users/runner/work/Jin/Jin/Utils/PrintService.swift /Users/runner/work/Jin/Jin/Views/HomeFeatureManagerView.swift /Users/runner/work/Jin/Jin/build/Build/Intermediates.noindex/ClassTeacherApp.build/Release-iphoneos/ClassTeacherApp.build/DerivedSources/GeneratedAssetSymbols.swift /Applications/Xcode_26.6.app/Contents/Developer/Toolchains/XcodeDefault.xctoolchain/usr/lib/swift/iphoneos/prebuilt-modules/26.5/Metal.swiftmodule/arm64e-apple-ios.swiftmodule /Applications/Xcode_26.6.app/Contents/Developer/Toolchains/XcodeDefault.xctoolchain/usr/lib/swift/iphoneos/prebuilt-modules/26.5/CoreMIDI.swiftmodule/arm64e-apple-ios.swiftmodule /Applications/Xcode_26.6.app/Contents/Developer/Toolchains/XcodeDefault.xctoolchain/usr/lib/swift/iphoneos/prebuilt-modules/26.5/_DarwinFoundation3.swiftmodule/arm64e-apple-ios.swiftmodule /Applications/Xcode_26.6.app/Contents/Developer/Toolchains/XcodeDefault.xctoolchain/usr/lib/swift/iphoneos/prebuilt-modules/26.5/Darwin.swiftmodule/arm64e-apple-ios.swiftmodule /Applications/Xcode_26.6.app/Contents/Developer/Toolchains/XcodeDefault.xctoolchain/usr/lib/swift/iphoneos/prebuilt-modules/26.5/_Concurrency.swiftmodule/arm64e-apple-ios.swiftmodule /Applications/Xcode_26.6.app/Contents/Developer/Toolchains/XcodeDefault.xctoolchain/usr/lib/swift/iphoneos/prebuilt-modules/26.5/UniformTypeIdentifiers.swiftmodule/arm64e-apple-ios.swiftmodule /Applications/Xcode_26.6.app/Contents/Developer/Toolchains/XcodeDefault.xctoolchain/usr/lib/swift/iphoneos/prebuilt-modules/26.5/Combine.swiftmodule/arm64e-apple-ios.swiftmodule /Applications/Xcode_26.6.app/Contents/Developer/Toolchains/XcodeDefault.xctoolchain/usr/lib/swift/iphoneos/prebuilt-modules/26.5/CoreVideo.swiftmodule/arm64e-apple-ios.swiftmodule /Applications/Xcode_26.6.app/Contents/Developer/Toolchains/XcodeDefault.xctoolchain/usr/lib/swift/iphoneos/prebuilt-modules/26.5/CoreGraphics.swiftmodule/arm64e-apple-ios.swiftmodule /Applications/Xcode_26.6.app/Contents/Developer/Toolchains/XcodeDefault.xctoolchain/usr/lib/swift/iphoneos/prebuilt-modules/26.5/SwiftUI.swiftmodule/arm64e-apple-ios.swiftmodule /Applications/Xcode_26.6.app/Contents/Developer/Toolchains/XcodeDefault.xctoolchain/usr/lib/swift/iphoneos/prebuilt-modules/26.5/UIKit.swiftmodule/arm64e-apple-ios.swiftmodule /Applications/Xcode_26.6.app/Contents/Developer/Toolchains/XcodeDefault.xctoolchain/usr/lib/swift/iphoneos/prebuilt-modules/26.5/CoreText.swiftmodule/arm64e-apple-ios.swiftmodule /Applications/Xcode_26.6.app/Contents/Developer/Toolchains/XcodeDefault.xctoolchain/usr/lib/swift/iphoneos/prebuilt-modules/26.5/CoreData.swiftmodule/arm64e-apple-ios.swiftmodule /Applications/Xcode_26.6.app/Contents/Developer/Toolchains/XcodeDefault.xctoolchain/usr/lib/swift/iphoneos/prebuilt-modules/26.5/_Builtin_float.swiftmodule/arm64e-apple-ios.swiftmodule /Applications/Xcode_26.6.app/Contents/Developer/Toolchains/XcodeDefault.xctoolchain/usr/lib/swift/iphoneos/prebuilt-modules/26.5/_MapKit_SwiftUI.swiftmodule/arm64e-apple-ios.swiftmodule /Applications/Xcode_26.6.app/Contents/Developer/Toolchains/XcodeDefault.xctoolchain/usr/lib/swift/iphoneos/prebuilt-modules/26.5/Network.swiftmodule/arm64e-apple-ios.swiftmodule /Applications/Xcode_26.6.app/Contents/Developer/Toolchains/XcodeDefault.xctoolchain/usr/lib/swift/iphoneos/prebuilt-modules/26.5/AVFoundation.swiftmodule/arm64e-apple-ios.swiftmodule /Applications/Xcode_26.6.app/Contents/Developer/Toolchains/XcodeDefault.xctoolchain/usr/lib/swift/iphoneos/prebuilt-modules/26.5/_PhotosUI_SwiftUI.swiftmodule/arm64e-apple-ios.swiftmodule /Applications/Xcode_26.6.app/Contents/Developer/Toolchains/XcodeDefault.xctoolchain/usr/lib/swift/iphoneos/prebuilt-modules/26.5/AVFAudio.swiftmodule/arm64e-apple-ios.swiftmodule /Applications/Xcode_26.6.app/Contents/Developer/Toolchains/XcodeDefault.xctoolchain/usr/lib/swift/iphoneos/prebuilt-modules/26.5/ObjectiveC.swiftmodule/arm64e-apple-ios.swiftmodule /Applications/Xcode_26.6.app/Contents/Developer/Toolchains/XcodeDefault.xctoolchain/usr/lib/swift/iphoneos/prebuilt-modules/26.5/XPC.swiftmodule/arm64e-apple-ios.swiftmodule /Applications/Xcode_26.6.app/Contents/Developer/Toolchains/XcodeDefault.xctoolchain/usr/lib/swift/iphoneos/prebuilt-modules/26.5/Spatial.swiftmodule/arm64e-apple-ios.swiftmodule /Applications/Xcode_26.6.app/Contents/Developer/Toolchains/XcodeDefault.xctoolchain/usr/lib/swift/iphoneos/prebuilt-modules/26.5/OSLog.swiftmodule/arm64e-apple-ios.swiftmodule /Applications/Xcode_26.6.app/Contents/Developer/Toolchains/XcodeDefault.xctoolchain/usr/lib/swift/iphoneos/prebuilt-modules/26.5/Swift.swiftmodule/arm64e-apple-ios.swiftmodule /Applications/Xcode_26.6.app/Contents/Developer/Toolchains/XcodeDefault.xctoolchain/usr/lib/swift/iphoneos/prebuilt-modules/26.5/CoreFoundation.swiftmodule/arm64e-apple-ios.swiftmodule /Applications/Xcode_26.6.app/Contents/Developer/Toolchains/XcodeDefault.xctoolchain/usr/lib/swift/iphoneos/prebuilt-modules/26.5/Distributed.swiftmodule/arm64e-apple-ios.swiftmodule /Applications/Xcode_26.6.app/Contents/Developer/Toolchains/XcodeDefault.xctoolchain/usr/lib/swift/iphoneos/prebuilt-modules/26.5/_StringProcessing.swiftmodule/arm64e-apple-ios.swiftmodule /Applications/Xcode_26.6.app/Contents/Developer/Toolchains/XcodeDefault.xctoolchain/usr/lib/swift/iphoneos/prebuilt-modules/26.5/DataDetection.swiftmodule/arm64e-apple-ios.swiftmodule /Applications/Xcode_26.6.app/Contents/Developer/Toolchains/XcodeDefault.xctoolchain/usr/lib/swift/iphoneos/prebuilt-modules/26.5/Dispatch.swiftmodule/arm64e-apple-ios.swiftmodule /Applications/Xcode_26.6.app/Contents/Developer/Toolchains/XcodeDefault.xctoolchain/usr/lib/swift/iphoneos/prebuilt-modules/26.5/System.swiftmodule/arm64e-apple-ios.swiftmodule /Applications/Xcode_26.6.app/Contents/Developer/Toolchains/XcodeDefault.xctoolchain/usr/lib/swift/iphoneos/prebuilt-modules/26.5/CoreTransferable.swiftmodule/arm64e-apple-ios.swiftmodule /Applications/Xcode_26.6.app/Contents/Developer/Toolchains/XcodeDefault.xctoolchain/usr/lib/swift/iphoneos/prebuilt-modules/26.5/_DarwinFoundation1.swiftmodule/arm64e-apple-ios.swiftmodule /Applications/Xcode_26.6.app/Contents/Developer/Toolchains/XcodeDefault.xctoolchain/usr/lib/swift/iphoneos/prebuilt-modules/26.5/LightweightCodeRequirements.swiftmodule/arm64e-apple-ios.swiftmodule /Applications/Xcode_26.6.app/Contents/Developer/Toolchains/XcodeDefault.xctoolchain/usr/lib/swift/iphoneos/prebuilt-modules/26.5/SwiftUICore.swiftmodule/arm64e-apple-ios.swiftmodule /Applications/Xcode_26.6.app/Contents/Developer/Toolchains/XcodeDefault.xctoolchain/usr/lib/swift/iphoneos/prebuilt-modules/26.5/Foundation.swiftmodule/arm64e-apple-ios.swiftmodule /Applications/Xcode_26.6.app/Contents/Developer/Toolchains/XcodeDefault.xctoolchain/usr/lib/swift/iphoneos/prebuilt-modules/26.5/DeveloperToolsSupport.swiftmodule/arm64e-apple-ios.swiftmodule /Applications/Xcode_26.6.app/Contents/Developer/Toolchains/XcodeDefault.xctoolchain/usr/lib/swift/iphoneos/prebuilt-modules/26.5/CoreMedia.swiftmodule/arm64e-apple-ios.swiftmodule /Applications/Xcode_26.6.app/Contents/Developer/Toolchains/XcodeDefault.xctoolchain/usr/lib/swift/iphoneos/prebuilt-modules/26.5/Photos.swiftmodule/arm64e-apple-ios.swiftmodule /Applications/Xcode_26.6.app/Contents/Developer/Toolchains/XcodeDefault.xctoolchain/usr/lib/swift/iphoneos/prebuilt-modules/26.5/_DarwinFoundation2.swiftmodule/arm64e-apple-ios.swiftmodule /Applications/Xcode_26.6.app/Contents/Developer/Toolchains/XcodeDefault.xctoolchain/usr/lib/swift/iphoneos/prebuilt-modules/26.5/Observation.swiftmodule/arm64e-apple-ios.swiftmodule /Applications/Xcode_26.6.app/Contents/Developer/Toolchains/XcodeDefault.xctoolchain/usr/lib/swift/iphoneos/prebuilt-modules/26.5/Synchronization.swiftmodule/arm64e-apple-ios.swiftmodule /Applications/Xcode_26.6.app/Contents/Developer/Toolchains/XcodeDefault.xctoolchain/usr/lib/swift/iphoneos/prebuilt-modules/26.5/Charts.swiftmodule/arm64e-apple-ios.swiftmodule /Applications/Xcode_26.6.app/Contents/Developer/Toolchains/XcodeDefault.xctoolchain/usr/lib/swift/iphoneos/prebuilt-modules/26.5/Accessibility.swiftmodule/arm64e-apple-ios.swiftmodule /Applications/Xcode_26.6.app/Contents/Developer/Toolchains/XcodeDefault.xctoolchain/usr/lib/swift/iphoneos/prebuilt-modules/26.5/FileProvider.swiftmodule/arm64e-apple-ios.swiftmodule /Applications/Xcode_26.6.app/Contents/Developer/Toolchains/XcodeDefault.xctoolchain/usr/lib/swift/iphoneos/prebuilt-modules/26.5/PhotosUI.swiftmodule/arm64e-apple-ios.swiftmodule /Applications/Xcode_26.6.app/Contents/Developer/Toolchains/XcodeDefault.xctoolchain/usr/lib/swift/iphoneos/prebuilt-modules/26.5/MapKit.swiftmodule/arm64e-apple-ios.swiftmodule /Applications/Xcode_26.6.app/Contents/Developer/Toolchains/XcodeDefault.xctoolchain/usr/lib/swift/iphoneos/prebuilt-modules/26.5/QuartzCore.swiftmodule/arm64e-apple-ios.swiftmodule /Applications/Xcode_26.6.app/Contents/Developer/Toolchains/XcodeDefault.xctoolchain/usr/lib/swift/iphoneos/prebuilt-modules/26.5/CoreAudio.swiftmodule/arm64e-apple-ios.swiftmodule /Applications/Xcode_26.6.app/Contents/Developer/Toolchains/XcodeDefault.xctoolchain/usr/lib/swift/iphoneos/prebuilt-modules/26.5/CoreLocation.swiftmodule/arm64e-apple-ios.swiftmodule /Applications/Xcode_26.6.app/Contents/Developer/Toolchains/XcodeDefault.xctoolchain/usr/lib/swift/iphoneos/prebuilt-modules/26.5/AudioToolbox.swiftmodule/arm64e-apple-ios.swiftmodule /Applications/Xcode_26.6.app/Contents/Developer/Toolchains/XcodeDefault.xctoolchain/usr/lib/swift/iphoneos/prebuilt-modules/26.5/GeoToolbox.swiftmodule/arm64e-apple-ios.swiftmodule /Applications/Xcode_26.6.app/Contents/Developer/Toolchains/XcodeDefault.xctoolchain/usr/lib/swift/iphoneos/prebuilt-modules/26.5/simd.swiftmodule/arm64e-apple-ios.swiftmodule /Applications/Xcode_26.6.app/Contents/Developer/Toolchains/XcodeDefault.xctoolchain/usr/lib/swift/iphoneos/prebuilt-modules/26.5/Symbols.swiftmodule/arm64e-apple-ios.swiftmodule /Applications/Xcode_26.6.app/Contents/Developer/Toolchains/XcodeDefault.xctoolchain/usr/lib/swift/iphoneos/prebuilt-modules/26.5/CoreImage.swiftmodule/arm64e-apple-ios.swiftmodule /Applications/Xcode_26.6.app/Contents/Developer/Toolchains/XcodeDefault.xctoolchain/usr/lib/swift/iphoneos/prebuilt-modules/26.5/ExtensionFoundation.swiftmodule/arm64e-apple-ios.swiftmodule /Applications/Xcode_26.6.app/Contents/Developer/Toolchains/XcodeDefault.xctoolchain/usr/lib/swift/iphoneos/prebuilt-modules/26.5/os.swiftmodule/arm64e-apple-ios.swiftmodule /Users/runner/work/Jin/Jin/build/ModuleCache.noindex/CoreGraphics-9K4GQQ7G2F3SUPUEEBMFSD2L0.pcm /Users/runner/work/Jin/Jin/build/ModuleCache.noindex/Network-3CSSD0R5RN3E2REL09G11HW5O.pcm /Users/runner/work/Jin/Jin/build/ModuleCache.noindex/Security-AA4SGDG10HHVKOLPTSTXT3EE3.pcm /Users/runner/work/Jin/Jin/build/ModuleCache.noindex/DataDetection-9FHP0HPBASAUFJH9MXDQPKC.pcm /Users/runner/work/Jin/Jin/build/ModuleCache.noindex/ExtensionFoundation-23ZJWQD6VC1HQOSFF8TPW4HCU.pcm /Users/runner/work/Jin/Jin/build/ModuleCache.noindex/simd-90LDIP3OIEDKA59GP99Z8JWCO.pcm /Users/runner/work/Jin/Jin/build/ModuleCache.noindex/CoreFoundation-95047AFGULB94DMLCNQNEQ4QC.pcm /Users/runner/work/Jin/Jin/build/ModuleCache.noindex/CoreTransferable-BDK271EFATMC7X0Z7JJJRPHTG.pcm /Users/runner/work/Jin/Jin/build/ModuleCache.noindex/OSLog-CU6Z843V7EG9KNW88H62IPTSG.pcm /Users/runner/work/Jin/Jin/build/ModuleCache.noindex/Metal-6TOHYCSPPWVUCG0RMEGRQ2BH1.pcm /Users/runner/work/Jin/Jin/build/ModuleCache.noindex/PhotosUI-E3N54T3S1B5X1EFY3MRHZCQOY.pcm /Users/runner/work/Jin/Jin/build/ModuleCache.noindex/os_workgroup-8JIKP2Y2UNYQCWDMXSWAHNXUG.pcm /Users/runner/work/Jin/Jin/build/ModuleCache.noindex/XPC-2KHG6QV6SH7XKR83F2GLSS102.pcm /Users/runner/work/Jin/Jin/build/ModuleCache.noindex/MediaToolbox-BXLRCGPCPLDUH4MISLT2EXCSB.pcm /Users/runner/work/Jin/Jin/build/ModuleCache.noindex/SwiftUICore-EOLO8JM4US5GBV87PALMRSWKJ.pcm /Users/runner/work/Jin/Jin/build/ModuleCache.noindex/_DarwinFoundation3-6EEVGAQF83O865WFGAS9MBI43.pcm /Users/runner/work/Jin/Jin/build/ModuleCache.noindex/IOSurface-4QMHE6LHP1SY6295IH8P7SAGK.pcm /Users/runner/work/Jin/Jin/build/ModuleCache.noindex/CFNetwork-4V5DGEOG2TF497LAIA4HAED0B.pcm /Users/runner/work/Jin/Jin/build/ModuleCache.noindex/AVFAudio-5Y8M9LSQFX02GDP5NWBJV7ONN.pcm /Users/runner/work/Jin/Jin/build/ModuleCache.noindex/CoreVideo-DX6GJ1THJ5G4BRRC4J1O2LS9U.pcm /Users/runner/work/Jin/Jin/build/ModuleCache.noindex/_DarwinFoundation2-5WINF5PKOOMD9WWTYX74WJNRR.pcm /Users/runner/work/Jin/Jin/build/ModuleCache.noindex/_SwiftConcurrencyShims-DPPZF24N49L3ZYNGI9N9KYIOA.pcm /Users/runner/work/Jin/Jin/build/ModuleCache.noindex/_Builtin_stddef-F4KV097214EH5REUWD9N0GPWP.pcm /Users/runner/work/Jin/Jin/build/ModuleCache.noindex/UIUtilities-9G3QSA2V4YY8IMW6N4WDVV6S9.pcm /Users/runner/work/Jin/Jin/build/ModuleCache.noindex/CoreAudio-8VBEBU71WBHOT41AQ54S68F80.pcm /Users/runner/work/Jin/Jin/build/ModuleCache.noindex/Photos-2OCGC6PR0BMC6VR4AG4NPVFWT.pcm /Users/runner/work/Jin/Jin/build/ModuleCache.noindex/dnssd-31DZQRRQHJ4UPP2KMG80QA822.pcm /Users/runner/work/Jin/Jin/build/ModuleCache.noindex/_Builtin_tgmath-76IEEJ84H0H9MBQ7RU7SW53KS.pcm /Users/runner/work/Jin/Jin/build/ModuleCache.noindex/os-3ZLD3OGKL8FII0IOT1LSUV3EM.pcm /Users/runner/work/Jin/Jin/build/ModuleCache.noindex/AVFoundation-AZQ5ZX0VSHLJWJOVE5U9OP1Z4.pcm /Users/runner/work/Jin/Jin/build/ModuleCache.noindex/CoreAudioTypes-EJPRTQDBYHYGBIVGQNSG18870.pcm /Users/runner/work/Jin/Jin/build/ModuleCache.noindex/ptrauth-2RPLTBZ9QZHZQ9477IWXQG2WR.pcm /Users/runner/work/Jin/Jin/build/ModuleCache.noindex/CoreImage-CZYEAX0OEBND3YFK3PU4HZ1Q1.pcm /Users/runner/work/Jin/Jin/build/ModuleCache.noindex/_Builtin_stdarg-EA5O8N7EG6Z327GVPTWOW7Q51.pcm /Users/runner/work/Jin/Jin/build/ModuleCache.noindex/CoreText-D1S57GUT882T0I01YKIJXJHTB.pcm /Users/runner/work/Jin/Jin/build/ModuleCache.noindex/AVRouting-CTHCAPWJO4D52DLGIFLSCXI2V.pcm /Users/runner/work/Jin/Jin/build/ModuleCache.noindex/_Builtin_float-792G1FX8RLHJ9C8MJYW3IY80R.pcm /Users/runner/work/Jin/Jin/build/ModuleCache.noindex/SwiftUI-BQTZ0NC0UW416H6E45XVH50QY.pcm /Users/runner/work/Jin/Jin/build/ModuleCache.noindex/CoreMIDI-8RXSNZ1WGVDX07UKL37SRYD21.pcm /Users/runner/work/Jin/Jin/build/ModuleCache.noindex/_LocationEssentials-3G1HWTXKD5WI860C82DMZ0CGN.pcm /Users/runner/work/Jin/Jin/build/ModuleCache.noindex/Darwin-4R0EAZRJZ1D4Q116JO61EF0CB.pcm /Users/runner/work/Jin/Jin/build/ModuleCache.noindex/Foundation-CPP7KXWSRRQ1FSLYRVS5RIQB2.pcm /Users/runner/work/Jin/Jin/build/ModuleCache.noindex/CoreData-6TY30J00EJS08VCTVRWI5W8LB.pcm /Users/runner/work/Jin/Jin/build/ModuleCache.noindex/UIKit-45QAAHDCZS2ECE65KN99ENLTJ.pcm /Users/runner/work/Jin/Jin/build/ModuleCache.noindex/sys_types-AUZVZ8R6MQBZS9Q61Q4NUHKBM.pcm /Users/runner/work/Jin/Jin/build/ModuleCache.noindex/Symbols-3N7F1ASBT6ZO1JFUOZ104JFZR.pcm /Users/runner/work/Jin/Jin/build/ModuleCache.noindex/_Builtin_limits-9XHLU9AKE93QM35T97YL0L61H.pcm /Users/runner/work/Jin/Jin/build/ModuleCache.noindex/UniformTypeIdentifiers-5ZOD65B1OPW6C1XIZ4SZ197L4.pcm /Users/runner/work/Jin/Jin/build/ModuleCache.noindex/os_object-31PIHBQB1Z53SPXX76YHJW5EA.pcm /Users/runner/work/Jin/Jin/build/ModuleCache.noindex/MachO-EAV1C27BAFW3BXURSIZQIJPIE.pcm /Users/runner/work/Jin/Jin/build/ModuleCache.noindex/MapKit-2AEUUWMCC8APBEA5G0BY4D11.pcm /Users/runner/work/Jin/Jin/build/ModuleCache.noindex/CoreLocation-2UB3S4WY923YWX92UBP95AX21.pcm /Users/runner/work/Jin/Jin/build/ModuleCache.noindex/CoreMedia-18HGH07KJAJ0BGHUG5M21X8BT.pcm /Users/runner/work/Jin/Jin/build/ModuleCache.noindex/_DarwinFoundation1-A08BRMRI649AR49H1609896QL.pcm /Users/runner/work/Jin/Jin/build/ModuleCache.noindex/Dispatch-385P2O0CFEVNDYBJJ2MXCMWGY.pcm /Users/runner/work/Jin/Jin/build/ModuleCache.noindex/ImageIO-BTWD25B5T41LMGZ32Q7XBLTZO.pcm /Users/runner/work/Jin/Jin/build/ModuleCache.noindex/Spatial-A6P6V98EZFFXT28S52OLWTIQ4.pcm /Users/runner/work/Jin/Jin/build/ModuleCache.noindex/_Builtin_stdint-CWABS5YZXN9M2GUSR39HXWON1.pcm /Users/runner/work/Jin/Jin/build/ModuleCache.noindex/_Builtin_intrinsics-8XKO8TNCSPATDF60RVJDOTR1L.pcm /Users/runner/work/Jin/Jin/build/ModuleCache.noindex/ObjectiveC-A8TVKXDF14ZLIJBA5OFVITDW6.pcm /Users/runner/work/Jin/Jin/build/ModuleCache.noindex/FileProvider-3UMVYA7PSK06XHWEAS3PDO2CO.pcm /Users/runner/work/Jin/Jin/build/ModuleCache.noindex/_AvailabilityInternal-B1ALSYFLH26688TJ5TT8N9RG5.pcm /Users/runner/work/Jin/Jin/build/ModuleCache.noindex/_Builtin_inttypes-4VNEFQBS9XQZGC3F2CIG6Z9SX.pcm /Users/runner/work/Jin/Jin/build/ModuleCache.noindex/UserNotifications-2HUIV4O4RM3HYFMYI4PCNYDLC.pcm /Users/runner/work/Jin/Jin/build/ModuleCache.noindex/SwiftShims-CBZA90D55DAIU32YSE21K4OVE.pcm /Users/runner/work/Jin/Jin/build/ModuleCache.noindex/QuartzCore-CD9XH0QBRMGMKBK5E4G66C9QB.pcm /Users/runner/work/Jin/Jin/build/ModuleCache.noindex/_Builtin_stdatomic-6LHT1X6UTAH45EQ5QE0PPQKIY.pcm /Users/runner/work/Jin/Jin/build/ModuleCache.noindex/AudioToolbox-19TIYKNGCC4D3497GN5EA5P.pcm /Users/runner/work/Jin/Jin/build/ModuleCache.noindex/Accessibility-1DBU5TIRTW38XI03R463YJS9A.pcm /Users/runner/work/Jin/Jin/build/ModuleCache.noindex/_Builtin_stdbool-CAPXII1EK9YMGG1XAOACB5ZE6.pcm /Users/runner/work/Jin/Jin/build/ModuleCache.noindex/DeveloperToolsSupport-2IYC2EB5OTC3MUY04B96D1D6C.pcm /Users/runner/work/Jin/Jin/build/ModuleCache.noindex/ptrcheck-C8NKAZC7AJ75ABTFID2D09E3V.pcm /Users/runner/work/Jin/Jin/build/ModuleCache.noindex/OpenGLES-1DYYAGVTTGF9EZB6MYFQUN7G7.pcm /Users/runner/work/Jin/Jin/build/Build/Intermediates.noindex/ClassTeacherApp.build/Release-iphoneos/ClassTeacherApp.build/Objects-normal/arm64/ClassTeacherApp-dependencies-1.json (in target 'ClassTeacherApp' from project 'ClassTeacherApp')
build	Build app (unsigned)	2026-09-15T06:01:39.5780550Z 
build	Build app (unsigned)	2026-09-15T06:01:39.5781100Z CompileSwift normal arm64 (in target 'ClassTeacherApp' from project 'ClassTeacherApp')
build	Build app (unsigned)	2026-09-15T06:01:39.5781560Z     cd /Users/runner/work/Jin/Jin
build	Build app (unsigned)	2026-09-15T06:01:39.5781780Z     
build	Build app (unsigned)	2026-09-15T06:01:45.4831170Z /Users/runner/work/Jin/Jin/Theme.swift:632:54: error: type 'Animation' has no member 'none'
build	Build app (unsigned)	2026-09-15T06:01:45.4832690Z             UIAccessibility.isReduceMotionEnabled ? .none : animation
build	Build app (unsigned)	2026-09-15T06:01:45.4838400Z                                                     ~^~~~
build	Build app (unsigned)	2026-09-15T06:01:45.4840550Z /Users/runner/work/Jin/Jin/ViewModels/AppViewModel.swift:155:27: warning: variable 'self' was written to, but never read
build	Build app (unsigned)	2026-09-15T06:01:45.4841500Z             .sink { [weak self] in UserDefaults.standard.set($0?.uuidString, forKey: "currentSemesterId") }.store(in: &cancellables)
build	Build app (unsigned)	2026-09-15T06:01:45.4842080Z                           ^
build	Build app (unsigned)	2026-09-15T06:01:45.4842630Z /Users/runner/work/Jin/Jin/Views/ScoreDetailView.swift:312:14: error: 'chartXSelection(value:)' is only available in iOS 17.0 or newer
build	Build app (unsigned)	2026-09-15T06:01:45.4843300Z             .chartXSelection(value: $selectedBar)
build	Build app (unsigned)	2026-09-15T06:01:45.4843660Z              ^
build	Build app (unsigned)	2026-09-15T06:01:45.4844090Z /Users/runner/work/Jin/Jin/Views/ScoreDetailView.swift:312:14: note: add 'if #available' version check
build	Build app (unsigned)	2026-09-15T06:01:45.4845270Z             .chartXSelection(value: $selectedBar)
build	Build app (unsigned)	2026-09-15T06:01:45.4845620Z              ^
build	Build app (unsigned)	2026-09-15T06:01:45.4846090Z /Users/runner/work/Jin/Jin/Views/ScoreDetailView.swift:289:17: note: add '@available' attribute to enclosing property
build	Build app (unsigned)	2026-09-15T06:01:45.4846630Z     private var distributionCard: some View {
build	Build app (unsigned)	2026-09-15T06:01:45.4846920Z                 ^
build	Build app (unsigned)	2026-09-15T06:01:45.4847370Z /Users/runner/work/Jin/Jin/Views/ScoreDetailView.swift:5:8: note: add '@available' attribute to enclosing struct
build	Build app (unsigned)	2026-09-15T06:01:45.4847870Z struct ScoreDetailView: View {
build	Build app (unsigned)	2026-09-15T06:01:45.4848140Z        ^
build	Build app (unsigned)	2026-09-15T06:01:45.4848590Z /Users/runner/work/Jin/Jin/Views/AlbumView.swift:197:49: warning: result of call to 'run(resultType:body:)' is unused
build	Build app (unsigned)	2026-09-15T06:01:45.4849120Z                                 await MainActor.run {
build	Build app (unsigned)	2026-09-15T06:01:45.4857740Z                                                 ^   ~
build	Build app (unsigned)	2026-09-15T06:01:45.4857890Z 
build	Build app (unsigned)	2026-09-15T06:01:45.4857960Z Failed frontend command:
build	Build app (unsigned)	2026-09-15T06:01:45.4905380Z /Applications/Xcode_26.6.app/Contents/Developer/Toolchains/XcodeDefault.xctoolchain/usr/bin/swift-frontend -frontend -c /Users/runner/work/Jin/Jin/Views/TodoListView.swift /Users/runner/work/Jin/Jin/ClassTeacherApp.swift /Users/runner/work/Jin/Jin/Theme.swift /Users/runner/work/Jin/Jin/Models/Student.swift /Users/runner/work/Jin/Jin/Utils/DataManager.swift /Users/runner/work/Jin/Jin/ViewModels/AppViewModel.swift /Users/runner/work/Jin/Jin/Views/DutyView.swift /Users/runner/work/Jin/Jin/Views/ExamListView.swift /Users/runner/work/Jin/Jin/Views/HomeView.swift /Users/runner/work/Jin/Jin/Views/RankingAndProfileView.swift /Users/runner/work/Jin/Jin/Views/ScheduleView.swift /Users/runner/work/Jin/Jin/Views/ScoreDetailView.swift /Users/runner/work/Jin/Jin/Views/SeatView.swift /Users/runner/work/Jin/Jin/Views/SettingsView.swift /Users/runner/work/Jin/Jin/Views/StudentListView.swift /Users/runner/work/Jin/Jin/Models/ExtraModels.swift /Users/runner/work/Jin/Jin/Views/NotificationView.swift /Users/runner/work/Jin/Jin/Views/AlbumView.swift /Users/runner/work/Jin/Jin/Views/ClassMapView.swift /Users/runner/work/Jin/Jin/Views/RankingListView.swift /Users/runner/work/Jin/Jin/Utils/PrintService.swift /Users/runner/work/Jin/Jin/Views/HomeFeatureManagerView.swift /Users/runner/work/Jin/Jin/build/Build/Intermediates.noindex/ClassTeacherApp.build/Release-iphoneos/ClassTeacherApp.build/DerivedSources/GeneratedAssetSymbols.swift -supplementary-output-file-map /Users/runner/work/Jin/Jin/build/Build/Intermediates.noindex/ClassTeacherApp.build/Release-iphoneos/ClassTeacherApp.build/Objects-normal/arm64/supplementaryOutputs-1 -emit-localized-strings -emit-localized-strings-path /Users/runner/work/Jin/Jin/build/Build/Intermediates.noindex/ClassTeacherApp.build/Release-iphoneos/ClassTeacherApp.build/Objects-normal/arm64 -target arm64-apple-ios16.0 -module-can-import-version DeveloperToolsSupport 23.40.26 23.40.26 -module-can-import-version SwiftUI 7.5.3 7.5.3 -module-can-import-version UIKit 9126.5.5.2 9126.5.5 -disable-cross-import-overlay-search -swift-module-cross-import MapKit /Applications/Xcode_26.6.app/Contents/Developer/Platforms/iPhoneOS.platform/Developer/SDKs/iPhoneOS.sdk/System/Library/Frameworks/MapKit.framework/Modules/MapKit.swiftcrossimport/SwiftUI.swiftoverlay -swift-module-cross-import PhotosUI /Applications/Xcode_26.6.app/Contents/Developer/Platforms/iPhoneOS.platform/Developer/SDKs/iPhoneOS.sdk/System/Library/Frameworks/PhotosUI.framework/Modules/PhotosUI.swiftcrossimport/SwiftUI.swiftoverlay -swift-module-cross-import PhotosUI /Applications/Xcode_26.6.app/Contents/Developer/Platforms/iPhoneOS.platform/Developer/SDKs/iPhoneOS.sdk/System/Library/Frameworks/PhotosUI.framework/Modules/PhotosUI.swiftcrossimport/WidgetKit.swiftoverlay -swift-module-cross-import PhotosUI /Applications/Xcode_26.6.app/Contents/Developer/Platforms/iPhoneOS.platform/Developer/SDKs/iPhoneOS26.5.sdk/System/Library/Frameworks/PhotosUI.framework/Modules/PhotosUI.swiftcrossimport/SwiftUI.swiftoverlay -swift-module-cross-import PhotosUI /Applications/Xcode_26.6.app/Contents/Developer/Platforms/iPhoneOS.platform/Developer/SDKs/iPhoneOS26.5.sdk/System/Library/Frameworks/PhotosUI.framework/Modules/PhotosUI.swiftcrossimport/WidgetKit.swiftoverlay -load-resolved-plugin /Applications/Xcode_26.6.app/Contents/Developer/Platforms/iPhoneOS.platform/Developer/usr/lib/swift/host/plugins/libFoundationMacros.dylib\#/Applications/Xcode_26.6.app/Contents/Developer/Platforms/iPhoneOS.platform/Developer/usr/bin/swift-plugin-server\#FoundationMacros -load-resolved-plugin /Applications/Xcode_26.6.app/Contents/Developer/Platforms/iPhoneOS.platform/Developer/usr/lib/swift/host/plugins/libObservationMacros.dylib\#/Applications/Xcode_26.6.app/Contents/Developer/Platforms/iPhoneOS.platform/Developer/usr/bin/swift-plugin-server\#ObservationMacros -load-resolved-plugin /Applications/Xcode_26.6.app/Contents/Developer/Platforms/iPhoneOS.platform/Developer/usr/lib/swift/host/plugins/libPreviewsMacros.dylib\#/Applications/Xcode_26.6.app/Contents/Developer/Platforms/iPhoneOS.platform/Developer/usr/bin/swift-plugin-server\#PreviewsMacros -load-resolved-plugin /Applications/Xcode_26.6.app/Contents/Developer/Platforms/iPhoneOS.platform/Developer/usr/lib/swift/host/plugins/libSwiftMacros.dylib\#/Applications/Xcode_26.6.app/Contents/Developer/Platforms/iPhoneOS.platform/Developer/usr/bin/swift-plugin-server\#SwiftMacros -load-resolved-plugin /Applications/Xcode_26.6.app/Contents/Developer/Platforms/iPhoneOS.platform/Developer/usr/lib/swift/host/plugins/libSwiftUIMacros.dylib\#/Applications/Xcode_26.6.app/Contents/Developer/Platforms/iPhoneOS.platform/Developer/usr/bin/swift-plugin-server\#SwiftUIMacros -disable-implicit-swift-modules -Xcc -fno-implicit-modules -Xcc -fno-implicit-module-maps -explicit-swift-module-map-file /Users/runner/work/Jin/Jin/build/Build/Intermediates.noindex/ClassTeacherApp.build/Release-iphoneos/ClassTeacherApp.build/Objects-normal/arm64/ClassTeacherApp-dependencies-1.json -debug-module-path /Users/runner/work/Jin/Jin/build/Build/Intermediates.noindex/ClassTeacherApp.build/Release-iphoneos/ClassTeacherApp.build/Objects-normal/arm64/ClassTeacherApp.swiftmodule -Xllvm -aarch64-use-tbi -enable-objc-interop -stack-check -sdk /Applications/Xcode_26.6.app/Contents/Developer/Platforms/iPhoneOS.platform/Developer/SDKs/iPhoneOS26.5.sdk -I /Users/runner/work/Jin/Jin/build/Build/Products/Release-iphoneos -F /Users/runner/work/Jin/Jin/build/Build/Products/Release-iphoneos -no-color-diagnostics -Xcc -fno-color-diagnostics -g -debug-info-format\=dwarf -dwarf-version\=4 -module-cache-path /Users/runner/work/Jin/Jin/build/Build/Intermediates.noindex/SwiftExplicitPrecompiledModules -swift-version 5 -O -serialize-debugging-options -const-gather-protocols-file /Users/runner/work/Jin/Jin/build/Build/Intermediates.noindex/ClassTeacherApp.build/Release-iphoneos/ClassTeacherApp.build/Objects-normal/arm64/ClassTeacherApp_const_extract_protocols.json -enable-experimental-feature DebugDescriptionMacro -enable-bare-slash-regex -empty-abi-descriptor -validate-clang-modules-once -clang-build-session-file /Users/runner/work/Jin/Jin/build/ModuleCache.noindex/Session.modulevalidation -Xcc -working-directory -Xcc /Users/runner/work/Jin/Jin -file-compilation-dir /Users/runner/work/Jin/Jin -Xcc -ivfsstatcache -Xcc /Users/runner/work/Jin/Jin/build/SDKStatCaches.noindex/iphoneos26.5-23F81a-688ef53f1462e2c8f657fdc38a81448fee66e23052a0157c865c76b268046726.sdkstatcache -Xcc -I/Users/runner/work/Jin/Jin/build/Build/Intermediates.noindex/ClassTeacherApp.build/Release-iphoneos/ClassTeacherApp.build/swift-overrides.hmap -Xcc -iquote -Xcc /Users/runner/work/Jin/Jin/build/Build/Intermediates.noindex/ClassTeacherApp.build/Release-iphoneos/ClassTeacherApp.build/ClassTeacherApp-generated-files.hmap -Xcc -I/Users/runner/work/Jin/Jin/build/Build/Intermediates.noindex/ClassTeacherApp.build/Release-iphoneos/ClassTeacherApp.build/ClassTeacherApp-own-target-headers.hmap -Xcc -I/Users/runner/work/Jin/Jin/build/Build/Intermediates.noindex/ClassTeacherApp.build/Release-iphoneos/ClassTeacherApp.build/ClassTeacherApp-all-target-headers.hmap -Xcc -iquote -Xcc /Users/runner/work/Jin/Jin/build/Build/Intermediates.noindex/ClassTeacherApp.build/Release-iphoneos/ClassTeacherApp.build/ClassTeacherApp-project-headers.hmap -Xcc -I/Users/runner/work/Jin/Jin/build/Build/Products/Release-iphoneos/include -Xcc -I/Users/runner/work/Jin/Jin/build/Build/Intermediates.noindex/ClassTeacherApp.build/Release-iphoneos/ClassTeacherApp.build/DerivedSources-normal/arm64 -Xcc -I/Users/runner/work/Jin/Jin/build/Build/Intermediates.noindex/ClassTeacherApp.build/Release-iphoneos/ClassTeacherApp.build/DerivedSources/arm64 -Xcc -I/Users/runner/work/Jin/Jin/build/Build/Intermediates.noindex/ClassTeacherApp.build/Release-iphoneos/ClassTeacherApp.build/DerivedSources -no-auto-bridging-header-chaining -module-name ClassTeacherApp -frontend-parseable-output -disable-clang-spi -clang-target arm64-apple-ios26.5 -target-sdk-version 26.5 -target-sdk-name iphoneos26.5 -in-process-plugin-server-path /Applications/Xcode_26.6.app/Contents/Developer/Toolchains/XcodeDefault.xctoolchain/usr/lib/swift/host/libSwiftInProcPluginServer.dylib -enable-default-cmo -num-threads 3 -o /Users/runner/work/Jin/Jin/build/Build/Intermediates.noindex/ClassTeacherApp.build/Release-iphoneos/ClassTeacherApp.build/Objects-normal/arm64/TodoListView.o -o /Users/runner/work/Jin/Jin/build/Build/Intermediates.noindex/ClassTeacherApp.build/Release-iphoneos/ClassTeacherApp.build/Objects-normal/arm64/ClassTeacherApp.o -o /Users/runner/work/Jin/Jin/build/Build/Intermediates.noindex/ClassTeacherApp.build/Release-iphoneos/ClassTeacherApp.build/Objects-normal/arm64/Theme.o -o /Users/runner/work/Jin/Jin/build/Build/Intermediates.noindex/ClassTeacherApp.build/Release-iphoneos/ClassTeacherApp.build/Objects-normal/arm64/Student.o -o /Users/runner/work/Jin/Jin/build/Build/Intermediates.noindex/ClassTeacherApp.build/Release-iphoneos/ClassTeacherApp.build/Objects-normal/arm64/DataManager.o -o /Users/runner/work/Jin/Jin/build/Build/Intermediates.noindex/ClassTeacherApp.build/Release-iphoneos/ClassTeacherApp.build/Objects-normal/arm64/AppViewModel.o -o /Users/runner/work/Jin/Jin/build/Build/Intermediates.noindex/ClassTeacherApp.build/Release-iphoneos/ClassTeacherApp.build/Objects-normal/arm64/DutyView.o -o /Users/runner/work/Jin/Jin/build/Build/Intermediates.noindex/ClassTeacherApp.build/Release-iphoneos/ClassTeacherApp.build/Objects-normal/arm64/ExamListView.o -o /Users/runner/work/Jin/Jin/build/Build/Intermediates.noindex/ClassTeacherApp.build/Release-iphoneos/ClassTeacherApp.build/Objects-normal/arm64/HomeView.o -o /Users/runner/work/Jin/Jin/build/Build/Intermediates.noindex/ClassTeacherApp.build/Release-iphoneos/ClassTeacherApp.build/Objects-normal/arm64/RankingAndProfileView.o -o /Users/runner/work/Jin/Jin/build/Build/Intermediates.noindex/ClassTeacherApp.build/Release-iphoneos/ClassTeacherApp.build/Objects-normal/arm64/ScheduleView.o -o /Users/runner/work/Jin/Jin/build/Build/Intermediates.noindex/ClassTeacherApp.build/Release-iphoneos/ClassTeacherApp.build/Objects-normal/arm64/ScoreDetailView.o -o /Users/runner/work/Jin/Jin/build/Build/Intermediates.noindex/ClassTeacherApp.build/Release-iphoneos/ClassTeacherApp.build/Objects-normal/arm64/SeatView.o -o /Users/runner/work/Jin/Jin/build/Build/Intermediates.noindex/ClassTeacherApp.build/Release-iphoneos/ClassTeacherApp.build/Objects-normal/arm64/SettingsView.o -o /Users/runner/work/Jin/Jin/build/Build/Intermediates.noindex/ClassTeacherApp.build/Release-iphoneos/ClassTeacherApp.build/Objects-normal/arm64/StudentListView.o -o /Users/runner/work/Jin/Jin/build/Build/Intermediates.noindex/ClassTeacherApp.build/Release-iphoneos/ClassTeacherApp.build/Objects-normal/arm64/ExtraModels.o -o /Users/runner/work/Jin/Jin/build/Build/Intermediates.noindex/ClassTeacherApp.build/Release-iphoneos/ClassTeacherApp.build/Objects-normal/arm64/NotificationView.o -o /Users/runner/work/Jin/Jin/build/Build/Intermediates.noindex/ClassTeacherApp.build/Release-iphoneos/ClassTeacherApp.build/Objects-normal/arm64/AlbumView.o -o /Users/runner/work/Jin/Jin/build/Build/Intermediates.noindex/ClassTeacherApp.build/Release-iphoneos/ClassTeacherApp.build/Objects-normal/arm64/ClassMapView.o -o /Users/runner/work/Jin/Jin/build/Build/Intermediates.noindex/ClassTeacherApp.build/Release-iphoneos/ClassTeacherApp.build/Objects-normal/arm64/RankingListView.o -o /Users/runner/work/Jin/Jin/build/Build/Intermediates.noindex/ClassTeacherApp.build/Release-iphoneos/ClassTeacherApp.build/Objects-normal/arm64/PrintService.o -o /Users/runner/work/Jin/Jin/build/Build/Intermediates.noindex/ClassTeacherApp.build/Release-iphoneos/ClassTeacherApp.build/Objects-normal/arm64/HomeFeatureManagerView.o -o /Users/runner/work/Jin/Jin/build/Build/Intermediates.noindex/ClassTeacherApp.build/Release-iphoneos/ClassTeacherApp.build/Objects-normal/arm64/GeneratedAssetSymbols.o -index-unit-output-path /ClassTeacherApp.build/Release-iphoneos/ClassTeacherApp.build/Objects-normal/arm64/TodoListView.o -index-unit-output-path /ClassTeacherApp.build/Release-iphoneos/ClassTeacherApp.build/Objects-normal/arm64/ClassTeacherApp.o -index-unit-output-path /ClassTeacherApp.build/Release-iphoneos/ClassTeacherApp.build/Objects-normal/arm64/Theme.o -index-unit-output-path /ClassTeacherApp.build/Release-iphoneos/ClassTeacherApp.build/Objects-normal/arm64/Student.o -index-unit-output-path /ClassTeacherApp.build/Release-iphoneos/ClassTeacherApp.build/Objects-normal/arm64/DataManager.o -index-unit-output-path /ClassTeacherApp.build/Release-iphoneos/ClassTeacherApp.build/Objects-normal/arm64/AppViewModel.o -index-unit-output-path /ClassTeacherApp.build/Release-iphoneos/ClassTeacherApp.build/Objects-normal/arm64/DutyView.o -index-unit-output-path /ClassTeacherApp.build/Release-iphoneos/ClassTeacherApp.build/Objects-normal/arm64/ExamListView.o -index-unit-output-path /ClassTeacherApp.build/Release-iphoneos/ClassTeacherApp.build/Objects-normal/arm64/HomeView.o -index-unit-output-path /ClassTeacherApp.build/Release-iphoneos/ClassTeacherApp.build/Objects-normal/arm64/RankingAndProfileView.o -index-unit-output-path /ClassTeacherApp.build/Release-iphoneos/ClassTeacherApp.build/Objects-normal/arm64/ScheduleView.o -index-unit-output-path /ClassTeacherApp.build/Release-iphoneos/ClassTeacherApp.build/Objects-normal/arm64/ScoreDetailView.o -index-unit-output-path /ClassTeacherApp.build/Release-iphoneos/ClassTeacherApp.build/Objects-normal/arm64/SeatView.o -index-unit-output-path /ClassTeacherApp.build/Release-iphoneos/ClassTeacherApp.build/Objects-normal/arm64/SettingsView.o -index-unit-output-path /ClassTeacherApp.build/Release-iphoneos/ClassTeacherApp.build/Objects-normal/arm64/StudentListView.o -index-unit-output-path /ClassTeacherApp.build/Release-iphoneos/ClassTeacherApp.build/Objects-normal/arm64/ExtraModels.o -index-unit-output-path /ClassTeacherApp.build/Release-iphoneos/ClassTeacherApp.build/Objects-normal/arm64/NotificationView.o -index-unit-output-path /ClassTeacherApp.build/Release-iphoneos/ClassTeacherApp.build/Objects-normal/arm64/AlbumView.o -index-unit-output-path /ClassTeacherApp.build/Release-iphoneos/ClassTeacherApp.build/Objects-normal/arm64/ClassMapView.o -index-unit-output-path /ClassTeacherApp.build/Release-iphoneos/ClassTeacherApp.build/Objects-normal/arm64/RankingListView.o -index-unit-output-path /ClassTeacherApp.build/Release-iphoneos/ClassTeacherApp.build/Objects-normal/arm64/PrintService.o -index-unit-output-path /ClassTeacherApp.build/Release-iphoneos/ClassTeacherApp.build/Objects-normal/arm64/HomeFeatureManagerView.o -index-unit-output-path /ClassTeacherApp.build/Release-iphoneos/ClassTeacherApp.build/Objects-normal/arm64/GeneratedAssetSymbols.o
build	Build app (unsigned)	2026-09-15T06:01:45.4957670Z ** BUILD FAILED **
build	Build app (unsigned)	2026-09-15T06:01:45.4957800Z 
build	Build app (unsigned)	2026-09-15T06:01:45.4957810Z 
build	Build app (unsigned)	2026-09-15T06:01:45.4957890Z The following build commands failed:
build	Build app (unsigned)	2026-09-15T06:01:45.4958280Z 	CompileSwift normal arm64 (in target 'ClassTeacherApp' from project 'ClassTeacherApp')
build	Build app (unsigned)	2026-09-15T06:01:45.5050550Z 	SwiftCompile normal arm64 Compiling\ TodoListView.swift,\ ClassTeacherApp.swift,\ Theme.swift,\ Student.swift,\ DataManager.swift,\ AppViewModel.swift,\ DutyView.swift,\ ExamListView.swift,\ HomeView.swift,\ RankingAndProfileView.swift,\ ScheduleView.swift,\ ScoreDetailView.swift,\ SeatView.swift,\ SettingsView.swift,\ StudentListView.swift,\ ExtraModels.swift,\ NotificationView.swift,\ AlbumView.swift,\ ClassMapView.swift,\ RankingListView.swift,\ PrintService.swift,\ HomeFeatureManagerView.swift,\ GeneratedAssetSymbols.swift /Users/runner/work/Jin/Jin/Views/TodoListView.swift /Users/runner/work/Jin/Jin/ClassTeacherApp.swift /Users/runner/work/Jin/Jin/Theme.swift /Users/runner/work/Jin/Jin/Models/Student.swift /Users/runner/work/Jin/Jin/Utils/DataManager.swift /Users/runner/work/Jin/Jin/ViewModels/AppViewModel.swift /Users/runner/work/Jin/Jin/Views/DutyView.swift /Users/runner/work/Jin/Jin/Views/ExamListView.swift /Users/runner/work/Jin/Jin/Views/HomeView.swift /Users/runner/work/Jin/Jin/Views/RankingAndProfileView.swift /Users/runner/work/Jin/Jin/Views/ScheduleView.swift /Users/runner/work/Jin/Jin/Views/ScoreDetailView.swift /Users/runner/work/Jin/Jin/Views/SeatView.swift /Users/runner/work/Jin/Jin/Views/SettingsView.swift /Users/runner/work/Jin/Jin/Views/StudentListView.swift /Users/runner/work/Jin/Jin/Models/ExtraModels.swift /Users/runner/work/Jin/Jin/Views/NotificationView.swift /Users/runner/work/Jin/Jin/Views/AlbumView.swift /Users/runner/work/Jin/Jin/Views/ClassMapView.swift /Users/runner/work/Jin/Jin/Views/RankingListView.swift /Users/runner/work/Jin/Jin/Utils/PrintService.swift /Users/runner/work/Jin/Jin/Views/HomeFeatureManagerView.swift /Users/runner/work/Jin/Jin/build/Build/Intermediates.noindex/ClassTeacherApp.build/Release-iphoneos/ClassTeacherApp.build/DerivedSources/GeneratedAssetSymbols.swift /Applications/Xcode_26.6.app/Contents/Developer/Toolchains/XcodeDefault.xctoolchain/usr/lib/swift/iphoneos/prebuilt-modules/26.5/Metal.swiftmodule/arm64e-apple-ios.swiftmodule /Applications/Xcode_26.6.app/Contents/Developer/Toolchains/XcodeDefault.xctoolchain/usr/lib/swift/iphoneos/prebuilt-modules/26.5/CoreMIDI.swiftmodule/arm64e-apple-ios.swiftmodule /Applications/Xcode_26.6.app/Contents/Developer/Toolchains/XcodeDefault.xctoolchain/usr/lib/swift/iphoneos/prebuilt-modules/26.5/_DarwinFoundation3.swiftmodule/arm64e-apple-ios.swiftmodule /Applications/Xcode_26.6.app/Contents/Developer/Toolchains/XcodeDefault.xctoolchain/usr/lib/swift/iphoneos/prebuilt-modules/26.5/Darwin.swiftmodule/arm64e-apple-ios.swiftmodule /Applications/Xcode_26.6.app/Contents/Developer/Toolchains/XcodeDefault.xctoolchain/usr/lib/swift/iphoneos/prebuilt-modules/26.5/_Concurrency.swiftmodule/arm64e-apple-ios.swiftmodule /Applications/Xcode_26.6.app/Contents/Developer/Toolchains/XcodeDefault.xctoolchain/usr/lib/swift/iphoneos/prebuilt-modules/26.5/UniformTypeIdentifiers.swiftmodule/arm64e-apple-ios.swiftmodule /Applications/Xcode_26.6.app/Contents/Developer/Toolchains/XcodeDefault.xctoolchain/usr/lib/swift/iphoneos/prebuilt-modules/26.5/Combine.swiftmodule/arm64e-apple-ios.swiftmodule /Applications/Xcode_26.6.app/Contents/Developer/Toolchains/XcodeDefault.xctoolchain/usr/lib/swift/iphoneos/prebuilt-modules/26.5/CoreVideo.swiftmodule/arm64e-apple-ios.swiftmodule /Applications/Xcode_26.6.app/Contents/Developer/Toolchains/XcodeDefault.xctoolchain/usr/lib/swift/iphoneos/prebuilt-modules/26.5/CoreGraphics.swiftmodule/arm64e-apple-ios.swiftmodule /Applications/Xcode_26.6.app/Contents/Developer/Toolchains/XcodeDefault.xctoolchain/usr/lib/swift/iphoneos/prebuilt-modules/26.5/SwiftUI.swiftmodule/arm64e-apple-ios.swiftmodule /Applications/Xcode_26.6.app/Contents/Developer/Toolchains/XcodeDefault.xctoolchain/usr/lib/swift/iphoneos/prebuilt-modules/26.5/UIKit.swiftmodule/arm64e-apple-ios.swiftmodule /Applications/Xcode_26.6.app/Contents/Developer/Toolchains/XcodeDefault.xctoolchain/usr/lib/swift/iphoneos/prebuilt-modules/26.5/CoreText.swiftmodule/arm64e-apple-ios.swiftmodule /Applications/Xcode_26.6.app/Contents/Developer/Toolchains/XcodeDefault.xctoolchain/usr/lib/swift/iphoneos/prebuilt-modules/26.5/CoreData.swiftmodule/arm64e-apple-ios.swiftmodule /Applications/Xcode_26.6.app/Contents/Developer/Toolchains/XcodeDefault.xctoolchain/usr/lib/swift/iphoneos/prebuilt-modules/26.5/_Builtin_float.swiftmodule/arm64e-apple-ios.swiftmodule /Applications/Xcode_26.6.app/Contents/Developer/Toolchains/XcodeDefault.xctoolchain/usr/lib/swift/iphoneos/prebuilt-modules/26.5/_MapKit_SwiftUI.swiftmodule/arm64e-apple-ios.swiftmodule /Applications/Xcode_26.6.app/Contents/Developer/Toolchains/XcodeDefault.xctoolchain/usr/lib/swift/iphoneos/prebuilt-modules/26.5/Network.swiftmodule/arm64e-apple-ios.swiftmodule /Applications/Xcode_26.6.app/Contents/Developer/Toolchains/XcodeDefault.xctoolchain/usr/lib/swift/iphoneos/prebuilt-modules/26.5/AVFoundation.swiftmodule/arm64e-apple-ios.swiftmodule /Applications/Xcode_26.6.app/Contents/Developer/Toolchains/XcodeDefault.xctoolchain/usr/lib/swift/iphoneos/prebuilt-modules/26.5/_PhotosUI_SwiftUI.swiftmodule/arm64e-apple-ios.swiftmodule /Applications/Xcode_26.6.app/Contents/Developer/Toolchains/XcodeDefault.xctoolchain/usr/lib/swift/iphoneos/prebuilt-modules/26.5/AVFAudio.swiftmodule/arm64e-apple-ios.swiftmodule /Applications/Xcode_26.6.app/Contents/Developer/Toolchains/XcodeDefault.xctoolchain/usr/lib/swift/iphoneos/prebuilt-modules/26.5/ObjectiveC.swiftmodule/arm64e-apple-ios.swiftmodule /Applications/Xcode_26.6.app/Contents/Developer/Toolchains/XcodeDefault.xctoolchain/usr/lib/swift/iphoneos/prebuilt-modules/26.5/XPC.swiftmodule/arm64e-apple-ios.swiftmodule /Applications/Xcode_26.6.app/Contents/Developer/Toolchains/XcodeDefault.xctoolchain/usr/lib/swift/iphoneos/prebuilt-modules/26.5/Spatial.swiftmodule/arm64e-apple-ios.swiftmodule /Applications/Xcode_26.6.app/Contents/Developer/Toolchains/XcodeDefault.xctoolchain/usr/lib/swift/iphoneos/prebuilt-modules/26.5/OSLog.swiftmodule/arm64e-apple-ios.swiftmodule /Applications/Xcode_26.6.app/Contents/Developer/Toolchains/XcodeDefault.xctoolchain/usr/lib/swift/iphoneos/prebuilt-modules/26.5/Swift.swiftmodule/arm64e-apple-ios.swiftmodule /Applications/Xcode_26.6.app/Contents/Developer/Toolchains/XcodeDefault.xctoolchain/usr/lib/swift/iphoneos/prebuilt-modules/26.5/CoreFoundation.swiftmodule/arm64e-apple-ios.swiftmodule /Applications/Xcode_26.6.app/Contents/Developer/Toolchains/XcodeDefault.xctoolchain/usr/lib/swift/iphoneos/prebuilt-modules/26.5/Distributed.swiftmodule/arm64e-apple-ios.swiftmodule /Applications/Xcode_26.6.app/Contents/Developer/Toolchains/XcodeDefault.xctoolchain/usr/lib/swift/iphoneos/prebuilt-modules/26.5/_StringProcessing.swiftmodule/arm64e-apple-ios.swiftmodule /Applications/Xcode_26.6.app/Contents/Developer/Toolchains/XcodeDefault.xctoolchain/usr/lib/swift/iphoneos/prebuilt-modules/26.5/DataDetection.swiftmodule/arm64e-apple-ios.swiftmodule /Applications/Xcode_26.6.app/Contents/Developer/Toolchains/XcodeDefault.xctoolchain/usr/lib/swift/iphoneos/prebuilt-modules/26.5/Dispatch.swiftmodule/arm64e-apple-ios.swiftmodule /Applications/Xcode_26.6.app/Contents/Developer/Toolchains/XcodeDefault.xctoolchain/usr/lib/swift/iphoneos/prebuilt-modules/26.5/System.swiftmodule/arm64e-apple-ios.swiftmodule /Applications/Xcode_26.6.app/Contents/Developer/Toolchains/XcodeDefault.xctoolchain/usr/lib/swift/iphoneos/prebuilt-modules/26.5/CoreTransferable.swiftmodule/arm64e-apple-ios.swiftmodule /Applications/Xcode_26.6.app/Contents/Developer/Toolchains/XcodeDefault.xctoolchain/usr/lib/swift/iphoneos/prebuilt-modules/26.5/_DarwinFoundation1.swiftmodule/arm64e-apple-ios.swiftmodule /Applications/Xcode_26.6.app/Contents/Developer/Toolchains/XcodeDefault.xctoolchain/usr/lib/swift/iphoneos/prebuilt-modules/26.5/LightweightCodeRequirements.swiftmodule/arm64e-apple-ios.swiftmodule /Applications/Xcode_26.6.app/Contents/Developer/Toolchains/XcodeDefault.xctoolchain/usr/lib/swift/iphoneos/prebuilt-modules/26.5/SwiftUICore.swiftmodule/arm64e-apple-ios.swiftmodule /Applications/Xcode_26.6.app/Contents/Developer/Toolchains/XcodeDefault.xctoolchain/usr/lib/swift/iphoneos/prebuilt-modules/26.5/Foundation.swiftmodule/arm64e-apple-ios.swiftmodule /Applications/Xcode_26.6.app/Contents/Developer/Toolchains/XcodeDefault.xctoolchain/usr/lib/swift/iphoneos/prebuilt-modules/26.5/DeveloperToolsSupport.swiftmodule/arm64e-apple-ios.swiftmodule /Applications/Xcode_26.6.app/Contents/Developer/Toolchains/XcodeDefault.xctoolchain/usr/lib/swift/iphoneos/prebuilt-modules/26.5/CoreMedia.swiftmodule/arm64e-apple-ios.swiftmodule /Applications/Xcode_26.6.app/Contents/Developer/Toolchains/XcodeDefault.xctoolchain/usr/lib/swift/iphoneos/prebuilt-modules/26.5/Photos.swiftmodule/arm64e-apple-ios.swiftmodule /Applications/Xcode_26.6.app/Contents/Developer/Toolchains/XcodeDefault.xctoolchain/usr/lib/swift/iphoneos/prebuilt-modules/26.5/_DarwinFoundation2.swiftmodule/arm64e-apple-ios.swiftmodule /Applications/Xcode_26.6.app/Contents/Developer/Toolchains/XcodeDefault.xctoolchain/usr/lib/swift/iphoneos/prebuilt-modules/26.5/Observation.swiftmodule/arm64e-apple-ios.swiftmodule /Applications/Xcode_26.6.app/Contents/Developer/Toolchains/XcodeDefault.xctoolchain/usr/lib/swift/iphoneos/prebuilt-modules/26.5/Synchronization.swiftmodule/arm64e-apple-ios.swiftmodule /Applications/Xcode_26.6.app/Contents/Developer/Toolchains/XcodeDefault.xctoolchain/usr/lib/swift/iphoneos/prebuilt-modules/26.5/Charts.swiftmodule/arm64e-apple-ios.swiftmodule /Applications/Xcode_26.6.app/Contents/Developer/Toolchains/XcodeDefault.xctoolchain/usr/lib/swift/iphoneos/prebuilt-modules/26.5/Accessibility.swiftmodule/arm64e-apple-ios.swiftmodule /Applications/Xcode_26.6.app/Contents/Developer/Toolchains/XcodeDefault.xctoolchain/usr/lib/swift/iphoneos/prebuilt-modules/26.5/FileProvider.swiftmodule/arm64e-apple-ios.swiftmodule /Applications/Xcode_26.6.app/Contents/Developer/Toolchains/XcodeDefault.xctoolchain/usr/lib/swift/iphoneos/prebuilt-modules/26.5/PhotosUI.swiftmodule/arm64e-apple-ios.swiftmodule /Applications/Xcode_26.6.app/Contents/Developer/Toolchains/XcodeDefault.xctoolchain/usr/lib/swift/iphoneos/prebuilt-modules/26.5/MapKit.swiftmodule/arm64e-apple-ios.swiftmodule /Applications/Xcode_26.6.app/Contents/Developer/Toolchains/XcodeDefault.xctoolchain/usr/lib/swift/iphoneos/prebuilt-modules/26.5/QuartzCore.swiftmodule/arm64e-apple-ios.swiftmodule /Applications/Xcode_26.6.app/Contents/Developer/Toolchains/XcodeDefault.xctoolchain/usr/lib/swift/iphoneos/prebuilt-modules/26.5/CoreAudio.swiftmodule/arm64e-apple-ios.swiftmodule /Applications/Xcode_26.6.app/Contents/Developer/Toolchains/XcodeDefault.xctoolchain/usr/lib/swift/iphoneos/prebuilt-modules/26.5/CoreLocation.swiftmodule/arm64e-apple-ios.swiftmodule /Applications/Xcode_26.6.app/Contents/Developer/Toolchains/XcodeDefault.xctoolchain/usr/lib/swift/iphoneos/prebuilt-modules/26.5/AudioToolbox.swiftmodule/arm64e-apple-ios.swiftmodule /Applications/Xcode_26.6.app/Contents/Developer/Toolchains/XcodeDefault.xctoolchain/usr/lib/swift/iphoneos/prebuilt-modules/26.5/GeoToolbox.swiftmodule/arm64e-apple-ios.swiftmodule /Applications/Xcode_26.6.app/Contents/Developer/Toolchains/XcodeDefault.xctoolchain/usr/lib/swift/iphoneos/prebuilt-modules/26.5/simd.swiftmodule/arm64e-apple-ios.swiftmodule /Applications/Xcode_26.6.app/Contents/Developer/Toolchains/XcodeDefault.xctoolchain/usr/lib/swift/iphoneos/prebuilt-modules/26.5/Symbols.swiftmodule/arm64e-apple-ios.swiftmodule /Applications/Xcode_26.6.app/Contents/Developer/Toolchains/XcodeDefault.xctoolchain/usr/lib/swift/iphoneos/prebuilt-modules/26.5/CoreImage.swiftmodule/arm64e-apple-ios.swiftmodule /Applications/Xcode_26.6.app/Contents/Developer/Toolchains/XcodeDefault.xctoolchain/usr/lib/swift/iphoneos/prebuilt-modules/26.5/ExtensionFoundation.swiftmodule/arm64e-apple-ios.swiftmodule /Applications/Xcode_26.6.app/Contents/Developer/Toolchains/XcodeDefault.xctoolchain/usr/lib/swift/iphoneos/prebuilt-modules/26.5/os.swiftmodule/arm64e-apple-ios.swiftmodule /Users/runner/work/Jin/Jin/build/ModuleCache.noindex/CoreGraphics-9K4GQQ7G2F3SUPUEEBMFSD2L0.pcm /Users/runner/work/Jin/Jin/build/ModuleCache.noindex/Network-3CSSD0R5RN3E2REL09G11HW5O.pcm /Users/runner/work/Jin/Jin/build/ModuleCache.noindex/Security-AA4SGDG10HHVKOLPTSTXT3EE3.pcm /Users/runner/work/Jin/Jin/build/ModuleCache.noindex/DataDetection-9FHP0HPBASAUFJH9MXDQPKC.pcm /Users/runner/work/Jin/Jin/build/ModuleCache.noindex/ExtensionFoundation-23ZJWQD6VC1HQOSFF8TPW4HCU.pcm /Users/runner/work/Jin/Jin/build/ModuleCache.noindex/simd-90LDIP3OIEDKA59GP99Z8JWCO.pcm /Users/runner/work/Jin/Jin/build/ModuleCache.noindex/CoreFoundation-95047AFGULB94DMLCNQNEQ4QC.pcm /Users/runner/work/Jin/Jin/build/ModuleCache.noindex/CoreTransferable-BDK271EFATMC7X0Z7JJJRPHTG.pcm /Users/runner/work/Jin/Jin/build/ModuleCache.noindex/OSLog-CU6Z843V7EG9KNW88H62IPTSG.pcm /Users/runner/work/Jin/Jin/build/ModuleCache.noindex/Metal-6TOHYCSPPWVUCG0RMEGRQ2BH1.pcm /Users/runner/work/Jin/Jin/build/ModuleCache.noindex/PhotosUI-E3N54T3S1B5X1EFY3MRHZCQOY.pcm /Users/runner/work/Jin/Jin/build/ModuleCache.noindex/os_workgroup-8JIKP2Y2UNYQCWDMXSWAHNXUG.pcm /Users/runner/work/Jin/Jin/build/ModuleCache.noindex/XPC-2KHG6QV6SH7XKR83F2GLSS102.pcm /Users/runner/work/Jin/Jin/build/ModuleCache.noindex/MediaToolbox-BXLRCGPCPLDUH4MISLT2EXCSB.pcm /Users/runner/work/Jin/Jin/build/ModuleCache.noindex/SwiftUICore-EOLO8JM4US5GBV87PALMRSWKJ.pcm /Users/runner/work/Jin/Jin/build/ModuleCache.noindex/_DarwinFoundation3-6EEVGAQF83O865WFGAS9MBI43.pcm /Users/runner/work/Jin/Jin/build/ModuleCache.noindex/IOSurface-4QMHE6LHP1SY6295IH8P7SAGK.pcm /Users/runner/work/Jin/Jin/build/ModuleCache.noindex/CFNetwork-4V5DGEOG2TF497LAIA4HAED0B.pcm /Users/runner/work/Jin/Jin/build/ModuleCache.noindex/AVFAudio-5Y8M9LSQFX02GDP5NWBJV7ONN.pcm /Users/runner/work/Jin/Jin/build/ModuleCache.noindex/CoreVideo-DX6GJ1THJ5G4BRRC4J1O2LS9U.pcm /Users/runner/work/Jin/Jin/build/ModuleCache.noindex/_DarwinFoundation2-5WINF5PKOOMD9WWTYX74WJNRR.pcm /Users/runner/work/Jin/Jin/build/ModuleCache.noindex/_SwiftConcurrencyShims-DPPZF24N49L3ZYNGI9N9KYIOA.pcm /Users/runner/work/Jin/Jin/build/ModuleCache.noindex/_Builtin_stddef-F4KV097214EH5REUWD9N0GPWP.pcm /Users/runner/work/Jin/Jin/build/ModuleCache.noindex/UIUtilities-9G3QSA2V4YY8IMW6N4WDVV6S9.pcm /Users/runner/work/Jin/Jin/build/ModuleCache.noindex/CoreAudio-8VBEBU71WBHOT41AQ54S68F80.pcm /Users/runner/work/Jin/Jin/build/ModuleCache.noindex/Photos-2OCGC6PR0BMC6VR4AG4NPVFWT.pcm /Users/runner/work/Jin/Jin/build/ModuleCache.noindex/dnssd-31DZQRRQHJ4UPP2KMG80QA822.pcm /Users/runner/work/Jin/Jin/build/ModuleCache.noindex/_Builtin_tgmath-76IEEJ84H0H9MBQ7RU7SW53KS.pcm /Users/runner/work/Jin/Jin/build/ModuleCache.noindex/os-3ZLD3OGKL8FII0IOT1LSUV3EM.pcm /Users/runner/work/Jin/Jin/build/ModuleCache.noindex/AVFoundation-AZQ5ZX0VSHLJWJOVE5U9OP1Z4.pcm /Users/runner/work/Jin/Jin/build/ModuleCache.noindex/CoreAudioTypes-EJPRTQDBYHYGBIVGQNSG18870.pcm /Users/runner/work/Jin/Jin/build/ModuleCache.noindex/ptrauth-2RPLTBZ9QZHZQ9477IWXQG2WR.pcm /Users/runner/work/Jin/Jin/build/ModuleCache.noindex/CoreImage-CZYEAX0OEBND3YFK3PU4HZ1Q1.pcm /Users/runner/work/Jin/Jin/build/ModuleCache.noindex/_Builtin_stdarg-EA5O8N7EG6Z327GVPTWOW7Q51.pcm /Users/runner/work/Jin/Jin/build/ModuleCache.noindex/CoreText-D1S57GUT882T0I01YKIJXJHTB.pcm /Users/runner/work/Jin/Jin/build/ModuleCache.noindex/AVRouting-CTHCAPWJO4D52DLGIFLSCXI2V.pcm /Users/runner/work/Jin/Jin/build/ModuleCache.noindex/_Builtin_float-792G1FX8RLHJ9C8MJYW3IY80R.pcm /Users/runner/work/Jin/Jin/build/ModuleCache.noindex/SwiftUI-BQTZ0NC0UW416H6E45XVH50QY.pcm /Users/runner/work/Jin/Jin/build/ModuleCache.noindex/CoreMIDI-8RXSNZ1WGVDX07UKL37SRYD21.pcm /Users/runner/work/Jin/Jin/build/ModuleCache.noindex/_LocationEssentials-3G1HWTXKD5WI860C82DMZ0CGN.pcm /Users/runner/work/Jin/Jin/build/ModuleCache.noindex/Darwin-4R0EAZRJZ1D4Q116JO61EF0CB.pcm /Users/runner/work/Jin/Jin/build/ModuleCache.noindex/Foundation-CPP7KXWSRRQ1FSLYRVS5RIQB2.pcm /Users/runner/work/Jin/Jin/build/ModuleCache.noindex/CoreData-6TY30J00EJS08VCTVRWI5W8LB.pcm /Users/runner/work/Jin/Jin/build/ModuleCache.noindex/UIKit-45QAAHDCZS2ECE65KN99ENLTJ.pcm /Users/runner/work/Jin/Jin/build/ModuleCache.noindex/sys_types-AUZVZ8R6MQBZS9Q61Q4NUHKBM.pcm /Users/runner/work/Jin/Jin/build/ModuleCache.noindex/Symbols-3N7F1ASBT6ZO1JFUOZ104JFZR.pcm /Users/runner/work/Jin/Jin/build/ModuleCache.noindex/_Builtin_limits-9XHLU9AKE93QM35T97YL0L61H.pcm /Users/runner/work/Jin/Jin/build/ModuleCache.noindex/UniformTypeIdentifiers-5ZOD65B1OPW6C1XIZ4SZ197L4.pcm /Users/runner/work/Jin/Jin/build/ModuleCache.noindex/os_object-31PIHBQB1Z53SPXX76YHJW5EA.pcm /Users/runner/work/Jin/Jin/build/ModuleCache.noindex/MachO-EAV1C27BAFW3BXURSIZQIJPIE.pcm /Users/runner/work/Jin/Jin/build/ModuleCache.noindex/MapKit-2AEUUWMCC8APBEA5G0BY4D11.pcm /Users/runner/work/Jin/Jin/build/ModuleCache.noindex/CoreLocation-2UB3S4WY923YWX92UBP95AX21.pcm /Users/runner/work/Jin/Jin/build/ModuleCache.noindex/CoreMedia-18HGH07KJAJ0BGHUG5M21X8BT.pcm /Users/runner/work/Jin/Jin/build/ModuleCache.noindex/_DarwinFoundation1-A08BRMRI649AR49H1609896QL.pcm /Users/runner/work/Jin/Jin/build/ModuleCache.noindex/Dispatch-385P2O0CFEVNDYBJJ2MXCMWGY.pcm /Users/runner/work/Jin/Jin/build/ModuleCache.noindex/ImageIO-BTWD25B5T41LMGZ32Q7XBLTZO.pcm /Users/runner/work/Jin/Jin/build/ModuleCache.noindex/Spatial-A6P6V98EZFFXT28S52OLWTIQ4.pcm /Users/runner/work/Jin/Jin/build/ModuleCache.noindex/_Builtin_stdint-CWABS5YZXN9M2GUSR39HXWON1.pcm /Users/runner/work/Jin/Jin/build/ModuleCache.noindex/_Builtin_intrinsics-8XKO8TNCSPATDF60RVJDOTR1L.pcm /Users/runner/work/Jin/Jin/build/ModuleCache.noindex/ObjectiveC-A8TVKXDF14ZLIJBA5OFVITDW6.pcm /Users/runner/work/Jin/Jin/build/ModuleCache.noindex/FileProvider-3UMVYA7PSK06XHWEAS3PDO2CO.pcm /Users/runner/work/Jin/Jin/build/ModuleCache.noindex/_AvailabilityInternal-B1ALSYFLH26688TJ5TT8N9RG5.pcm /Users/runner/work/Jin/Jin/build/ModuleCache.noindex/_Builtin_inttypes-4VNEFQBS9XQZGC3F2CIG6Z9SX.pcm /Users/runner/work/Jin/Jin/build/ModuleCache.noindex/UserNotifications-2HUIV4O4RM3HYFMYI4PCNYDLC.pcm /Users/runner/work/Jin/Jin/build/ModuleCache.noindex/SwiftShims-CBZA90D55DAIU32YSE21K4OVE.pcm /Users/runner/work/Jin/Jin/build/ModuleCache.noindex/QuartzCore-CD9XH0QBRMGMKBK5E4G66C9QB.pcm /Users/runner/work/Jin/Jin/build/ModuleCache.noindex/_Builtin_stdatomic-6LHT1X6UTAH45EQ5QE0PPQKIY.pcm /Users/runner/work/Jin/Jin/build/ModuleCache.noindex/AudioToolbox-19TIYKNGCC4D3497GN5EA5P.pcm /Users/runner/work/Jin/Jin/build/ModuleCache.noindex/Accessibility-1DBU5TIRTW38XI03R463YJS9A.pcm /Users/runner/work/Jin/Jin/build/ModuleCache.noindex/_Builtin_stdbool-CAPXII1EK9YMGG1XAOACB5ZE6.pcm /Users/runner/work/Jin/Jin/build/ModuleCache.noindex/DeveloperToolsSupport-2IYC2EB5OTC3MUY04B96D1D6C.pcm /Users/runner/work/Jin/Jin/build/ModuleCache.noindex/ptrcheck-C8NKAZC7AJ75ABTFID2D09E3V.pcm /Users/runner/work/Jin/Jin/build/ModuleCache.noindex/OpenGLES-1DYYAGVTTGF9EZB6MYFQUN7G7.pcm /Users/runner/work/Jin/Jin/build/Build/Intermediates.noindex/ClassTeacherApp.build/Release-iphoneos/ClassTeacherApp.build/Objects-normal/arm64/ClassTeacherApp-dependencies-1.json (in target 'ClassTeacherApp' from project 'ClassTeacherApp')
build	Build app (unsigned)	2026-09-15T06:01:45.5129430Z 	Building project ClassTeacherApp with scheme ClassTeacherApp and configuration Release
build	Build app (unsigned)	2026-09-15T06:01:45.5129840Z (3 failures)
build	Build app (unsigned)	2026-09-15T06:01:45.5339200Z ##[error]Process completed with exit code 65.
